id,title,contents,date
2864053,임베 모바일 암호학은 솔직히 나중에 해도됨,"
 ㅇㅅaㅇ 취미로
",2006.12
2864052,공부하려면 히키코모리로 살아야됨,"
근무시간에 공부좀 하게 해줬으면 
",2006.12
2864051,보안하는 애들 뭐 배움?,"
ㅇㅇ?
",2006.12
2864049,내일 정처기 발표일이네,"
가채점 55~60 사이인애들 존나 떨리겠다
",2006.12
2864048,재매이햄 되고 주식 10% 넘게 올랐다,"
재명갓  - dc official App
",2006.12
2864047,"해킹 숨겼던 예스24, ‘복구 중 공지’도 거짓…뒤늦게 SOS","
https://www.hani.co.kr/arti/culture/culture_general/1202536.html 해킹 숨겼던 예스24, ‘복구 중 공지’도 거짓…뒤늦게 SOS 랜섬웨어 공격으로 나흘째 서비스가 중단된 온라인 서점 예스24가 자체 해결을 포기하고, 한국인터넷진흥원(KISA)의 기술 지원을 받기로 했다. 예스24는 지난 9일 새벽 서비스 누리집 접속 오류가 발생한 뒤 해킹 사실을 제대로 확인하지 못한 데 이어, 12일까지도 복구www.hani.co.kr자체 해결 포기. KISA 에 SOS 요청
",2006.12
2864053,임베 모바일 암호학은 솔직히 나중에 해도됨,"
 ㅇㅅaㅇ 취미로
",2006.12
2864052,공부하려면 히키코모리로 살아야됨,"
근무시간에 공부좀 하게 해줬으면 
",2006.12
2864051,보안하는 애들 뭐 배움?,"
ㅇㅇ?
",2006.12
2864049,내일 정처기 발표일이네,"
가채점 55~60 사이인애들 존나 떨리겠다
",2006.12
2864048,재매이햄 되고 주식 10% 넘게 올랐다,"
재명갓  - dc official App
",2006.12
2864047,"해킹 숨겼던 예스24, ‘복구 중 공지’도 거짓…뒤늦게 SOS","
https://www.hani.co.kr/arti/culture/culture_general/1202536.html 해킹 숨겼던 예스24, ‘복구 중 공지’도 거짓…뒤늦게 SOS 랜섬웨어 공격으로 나흘째 서비스가 중단된 온라인 서점 예스24가 자체 해결을 포기하고, 한국인터넷진흥원(KISA)의 기술 지원을 받기로 했다. 예스24는 지난 9일 새벽 서비스 누리집 접속 오류가 발생한 뒤 해킹 사실을 제대로 확인하지 못한 데 이어, 12일까지도 복구www.hani.co.kr자체 해결 포기. KISA 에 SOS 요청
",2006.12
2864046,유리한 위치일때는 딜해라,"
연봉이 최고긴 한데그거 안되면 회사에 니네들 권리 찾으려고 딜하셈업무든 , 편의든..물론 중요인력일때 가능.. 아니면 걍 꺼져라
",2006.12
2864045,끝났는데... 그냥 공허하고 뭘 해야할지 모르겠네...,"
끝났어... 드디어... 내가 이거 하겠다고 지난 3개월을 매달린거야... 기말 시험을 보는데, 모르는게 없었어. 다 풀었어. 아마 다 맞았을거야. 내 평생에 어떤 한가지에 이정도로 몰두해본적이 없었거든. 근데 나도 이유는 모르겠어. 그냥 그래야 할 것 같았어. 그래서 술도, 게임도 모두 끊고 공부만 한거지. 안힘들진 않았어. 그냥 이유없이 화가 났거든. 틀에 박혀 매일 똑같은 하루를 보내는게 좀 버거웠나봐. 그렇다고 해야할 일을 안할 순 없어서 하다보니, 그냥 어느순간 매일 하게 되더라. 공부하면 할수록, 알게되는 느낌이 좋았어. 아직 성적은 안나왔지만 눈에 보여. 아마 볼만한 점수일거야. 근데 이제 뭘 해야할지 모르겠어. 끝나면 날아갈듯 기쁠거라 생각했는데 그건 아닌것 같고 나름 후련한데, 뭔가 공허해.  이 공허함을 뭘로 채워야할지 모르겠어. 뜨끈한 국밥 한그릇이 땡기는 날이다. 돈이 없어 먹진 못하지만 ㅇㅅㅇ...  - dc official App
",2006.12
2864044,적페 새끼 하나 추가,"
https://archive.is/wV1yh
",2006.12
2864043,si들은 이게 유전적으로 정해져있나봄,"
뭐 신입따리인데벌써부터 좆같은 레거시 코드에 순응하며 따라치고 잘못된걸 고칠생각 안하고 우회할 생각만 하더라걍 계란위에 돌쌓는 느낌으로 하는애가 있고좆같이 쓴 레거시 코드에서 내가 할수있는만큼 최대한 좋게 만들려고 노력하는 사람이 있고유전적으로 차이가 있나봄
",2006.12
2864042,최근 학생 외주 과제 하면서 돈벌면서 드는 생각,"
학생 과제 관련 개발외주를 하다보면 느끼는 점학생은 기능 중심 설계를 하고, 개발자는 아키텍쳐 중심 설계를한다.학생들은 대부분 자기가 쓴 LLM 코드를 가져와도 안 들킬것이라고 생각하지만외주를 3년이상 진행하면서,  이번년도 들어 본격적으로 외주를 많이 받고 있는데학생 졸업과제와 학생 포트폴리오를 만들면서 느끼는 점은 차이가 심하다는 것이다.최근 2년들어 졸업과제를 GPT로 작업하는 한국 학생들이 늘어났는데지피티는 아키텍쳐 중심 설계의 모범만 가져와서지피티가 적어도 빈껍데기는 숙련된 개발자이다.지피티 코드의 특징은 아키텍쳐 형식은 알지만, 도메인 갈등 조건, 제약 조건과 의도적 타협을 모르는 이상적인 개발자이다.따라서 지피티 코드는 개발자의 의도는 없지만, 즉 대부분의 엔터프라이즈 아키텍쳐의 핵심을 가져온 이상적인 구조인 경우가 많다.그런 설계를 적용하고 있어서 학생 코드랑 지피티 코드는 스케일이 커질수록 차이가 난다.지피티 코드냐 아니냐는 일단 스크립트 제목으로도 판단할 수 있다.학부생 코드에src/core/interfaces/services/  utils이거 들어간 순간 지피티나 깃허브 떼온것이라는 느낌이 든다. (중국은 모르겠지만)도메인 별로 떼내고 분리한다는 것은 DDD라는 개념, 레이어의 분리라는 개념이 왜 중요한가를 느꼈다는 것이다. 이는 실제적으로 말하자면,  즉 최소한의 유지보수를 해봤다는 것이다. 하지만 학생 개발자 중에 그런 창업이나 서비스를 하는 개발자는 적다. 즉 절대 다수는 일단 돌아가는 GIT 코드를 가져온 것이나, GPT에서 떼온 것이다.열심히 공부한 학부생 폴더 구조는 대체로XXX_Projectscripts이런식으로 스크립트 하나로 만들어서 관리하거나  도메인 별로 분리하는게 아니라그냥 동작별로pipe/   action/이런식으로 폴더명과 스크립트명을을 지으면 그건 학부생코드다.move.pyjump.pyui.pyaudio.py 등등이렇게 대부분 기능중심의 설계를 한다. 물론 숙련된 개발자라고 그렇게 하지 않는다는 것은 아니지만, 숙련된 개발자는 코드는 어차피 대부분 돌아가기때문에 코드명을 일종의 레이어와 추상화로 나눈다.실제로 move보다는 movementModule 이라고 표현하거나jump는 jumpCommandHandler 같은 식으로 표기한다.  물론 그렇다고해서 모든 숙련 개발자가 그렇지 않다는 것은 아니다. 일회성 실행, CLI등 특정 부분에서 기능 단위 정리가 할 경우에도 숙련된 개발자들또한 기능단위로 정리하는 경향이 보였다문제는 여기에 더 나아가서 지피티 코드는 도메인 묘사랑 utils 까지 넣는 경우가 많다.개인적으로 아주 특출난 일부 학생들 제외하고 실력 좋은 학생이라고 생각하는 학생들은move/jump/ui/이런식으로 쓰는 학생들이다. 일부러 동작 묘사하게 해야'내가 지피티 없이도 이정도 짤 수 있다라는 게 보여진다'왜냐하면 저렇게 dto 나누거나 서비스 레이어 나누는건 생각보다 어려운 차원이다.거기에 더해서 LLM 코드의 특징은 '과설계'이다.우리는 패턴을 엄청쓰지만, 사실 대학교레벨에서는 패턴을 배우지 않는다.이는 패턴이 엄연히 실무과정이고, ACM 과정이 아니기때문이다. 한국기준으로 2학년에 객체지향을 배우고, 객체지향을 이해한 후, 전문 실무서적을 찾아봐야 패턴을 일반적으로 사용한다.패턴을 모르고, 쓸 수 있지만, 보통 그것은 명확한 목적으로 쓰이는 패턴들이 있다여기에 더해서 if 와 catch try finally에 디버그 로그가 많으면 보통은 학생들이 짜는게 아니다. 학생들의 코드는 일반적으로 디버깅이 생략되는 경우가 많았다.왜냐하면 지피티 코드는 의도가 없기때문에 과도하게 로그를 삽입하고, 인간 개발자라면 일반적으로 생략할 코드까지 하는 이상적인 개발자처럼 하는 것이다.물론 조직규모, 배포의 차이, 소규모 과제에 따라서 스크립트의 구현 범위가 다르지만물론 이것은 어디까지나 나라는 인간의 개인 경험이고, GPT 코드가 설계에 비해서 과도하게 모듈화 되있다는 경향도 있지만 역시 내 생각일뿐이다.다만, 가끔은 GPT 코드에서 많이 배운다. 작은 코드라도 그렇게 모듈화 해두면 확장이 편하기때문에 나도 그러한 버릇을 들일려고하고 있다.물론 지나친 레이어링은 YAGNI (You Ain't Gonna Need It)이라고 외주라는 특수한 환경상에서는 제네릭한 코드를 많이 생성해둬야 재활용을 할 수 있기때문에 항상 꺼내쓸 수 있는 일정한 복잡도가 필요하기때문에 그렇기도하고.
",2006.12
2864041,나님 기분 ㄱㅆㅅㅌㅊ !!,"
https://youtu.be/5bm-TpFCW-g?si=iBwlXPbEJPsQYVfP
",2006.12
2864039,파워포인트로 좆대가리 그렸다 이기,"
그리고 싶었던건 이게 아닌데 이기
",2006.12
2864038,it공부 재밌지않음?,"
웹공부 서버공부  임베공부 모바일공부 얼마나 재밌냐 
",2006.12
2864037,프로그래밍이랑 데이터분석가랑은 아예 다른거임?,"
데이터분석은 코딩은 안하지?  - dc official App
",2006.12
2864036,부정재산축적 의혹 김민석 특검 필요성 대두,"
https://youtu.be/pK6plAhuhE4?si=kVhz16l5XnzoKGse
",2006.12
2864035,나님 누엇어양⭐+,"

",2006.12
2864034,태연 ㅇㅅㅇ,"
그만 올릴까..봐주는 사람도 없는데..워케 생각하심?ㅇㅅㅇ
",2006.12
2864033,내일은 정처기 결과가 나오는 날입니까?,"
졸업작품 주제 추천좀요
",2006.12
2864032,나는 보안관련개발만함,"
무슨 대겹계열사인데 보안관련만 주구장창
",2006.12
2864030,한굳에서 보안 잘하면 가는 회사,"
안랩 
",2006.12
2864029,보안 별 거 아니다,"
개발이랑 똑같음.유명 오픈소스 개발은 커녕 기여하는 사람도 극히 일부분인것처럼보안도 cve 값 만들어내는 사람은 극소수임 ㅋㅋ모의해킹 그냥 nmap 돌려서 취약점 리포트 gemini한테 주고 해볼만한거 알려달라고 한다음에해보다가 하나 걸리면 끝임 ㅋㅋㅋ
",2006.12
2864028,재직자형님들 학교에 인터뷰나 설문 해서 보고서 써야하는데 부탁드리겠습니다,"
제목 그대로 관심 진로 분야에 재직하시는 분 인터뷰나 설문해서 탐구 보고서를 써야합니다. 물어볼 곳이 많이 없어서 여기에 남겨봅니다제가 봐도 수상해보여서 말씀드리면 진짜 그냥 재직 중 있던 경험 이정도 질문이 다고 문항 수도 많지 않고 간단하여 금방 끝납니다. 이메일 같은 계정 수집 절대 안하고 있습니다. 부탁드립니다!https://forms.gle/8J96TsSaUAzdXSF2A							
							",2006.12
2864026,보안잘하면 고려대갈수있음,"
보안 전문 대학원이 고려대뿐이라 죄다 거기로모임 
",2006.12
2864025,프로그래머 진로 계열,"
게임 개발 지망하는 고1 학생입니다 제가 지금까지 경영학과를 가려고 했었는데 게임을 만들고 싶다는 꿈 때문에 고민이 생겨 글 남깁니다 현재 선택과목을 결정해야 하는 시기인데 경영학과를 가야할지 컴공과를 가야할지 고민이 됩니다 대학 졸업 후 고르지 못했던걸 배운다는 가정 하에  무엇을 먼저 선택하는것이 더 나은 선택일까요? 둘 다 포기하고 싶진 않아서 어느것을 골라야 할지 고민이 되네요 어쩌면 제 미래 동종업계 선배님일수도 있는 분들께 현명한 조언부탁드립니다  - dc official App
",2006.12
2864024,개발보다 보안이 재밌음,"
개발자 자바노가다하면서 주말마다 리액트 짬짬히 공부할때 보안은 코딩 서버 임베 다 공부하다가 사건터지면 일함 
",2006.12
2864023,나도 보안가려면갈수있었다,"
보안기사도 있는데 솔직히 보안은 첫번째로 재미가 없고 두번째로 지식의 범위가 일반 개발보다 너무 넓다 네트워크부터 시작해서 인프라랑 개발보안이랑 암호학..  DB도 있고 딥하게 가면 컴퓨터 구조도 알아야하고 여기서 끝이아니다!! 좆같은 개인정보법이랑 통신망법이랑 등등 여기서 끝이 아니다!!! CTF같은거 하면서 해킹 실습도 해보고 근데 있잖음 이거 다 할줄아는놈들도 초봉 4000받기가 쉽지않은 보안을 왜함? ㅋㅋ 저거할줄아는 머리 되는애가 개발로 가면 대기업이나 서비스기업 들어가서 초봉 6000이상은 받음 
",2006.12
2864022,유연게이 어쩌면,"
법원 출석한거 아니노 이기?프리하면서 떼먹혔다던거 재판
",2006.12
2864021,보안은 대박이 없으니까 그런거 아니냐,"
보안 전문가래봤자 임금 좆같이 짜고그렇다고 대박 칠려고하면 해킹인데해킹하는것보다 도박사이트 만드는게 일반적으로 더쎔세계구급 해킹사건? 그건 뭐 중국,북한같은 곳에서 국가적 지원받아야하고
",2006.12
2864020,보안하는 애들은 코딩 할 줄 모른다는데,"
자기네 전공은 코딩과 관련없다는데 
",2006.12
2864019,컴공이랑 보안이랑 차이 꽤큼,"
cs+로우+개발 cs+넓게보안 2년정도는 다른듯 
",2006.12
2864018,근데 왜 보안분야는 항상 인력부족이냐???,"
취업도 쉽던데 모셔가는수준임  괜찮은 중견정도 기업에서도 제발면접한번 봐라 이정도던데  - dc official App
",2006.12
2864016,강유현이는 다음주부터 출근이람서..ㅇㅅㅇ,"
왜 이번주부터 안나타남?ㅇㅅㅇ
",2006.12
2864015,웹이 제대로 하면 난이도가 제일 어려운데 그만큼 도구가 제일 많이 발전함,"
소켓,세션관리,HTML/CSS/JS 필요한 스킬도 많고빌드도구도 존나 세분화되있고 웹은 정말 어려운데 그만큼 도구가 많아서 세팅하는 법만 배워도 그냥 프레임워크 조립인듯
",2006.12
2864014,월급 밀려도 회사 다녀야할 정도의 시장이냐?,"
?
",2006.12
2864012,나도 웹하고 싶어 근데,"
웹은 너무 많아서 경쟁력이 없다
",2006.12
2864011,주식매매 이거 씨발 로직 EMA 으로 정렬 로직이랑 신뢰도 계산,"
좆같이 빡세네 진짜
",2006.12
2864010,안치 분석해보는데 존경한다 진짜,"
안치는 과도하게 탐지할수있는 여지가 많아지면 오탐날 확률이 높기 때문에국소적인 범위에서 잡을 수 밖에 없고그에 반면 레드팀은 뚫을 수 있는 방법이 너무많음핵쟁이 쉐키들 보안 병신이라고 안 깝쳤으면 ㅇㅅㅇ
",2006.12
2864009,아두이노 설계도 그대로 그려줬는데 그 그대로를 못따라하는구나,"
토나오네 진짜
",2006.12
2864007,❤✨☀⭐나님 시작합니당⭐☀✨❤,"
https://youtu.be/57OnA4mln0c?si=sTWu1OD-pQLGFsgh
",2006.12
2864006,보안<<솔직히 모르겠음,"
ㄹㅇ
",2006.12
2864005,서울대 나와서 대기업 다니는데 심심해서 원티드 막 지원해봤는데,"
추천 뜨는 곳 막 지원했는데  11곳 중에 7곳 서탈하고 코테까지 붙은 건 4곳 뿐이네 ㅋㅋㅋ면접 가면 몇개나 붙을 수 있으려나? 궁금하지만 면접은 귀찮아서 안 감 
",2006.12
2864004,요즘은 Rx 어쩌구 걔 안 오냐??,"
예전에 내가 걔 서버 털어버려서 잠깐 잠적했었는데
",2006.12
2864003,살아 있었나.. “WON” 의 의지가..,"
1 이미지 순서 ONhttps://m.dcinside.com/board/dcbest/338477 서울 한복판서 흉기 들고 살해 시도한 10대 여성 - 실시간 베스트 갤러리30cm ㅎㄷㄷ- dc official Appm.dcinside.com2 이미지 순서 ONhttps://youtu.be/hJkNQZzBZDU?si=2qnats6DIFT7VQBu3 이미지 순서 ON
",2006.12
2864002,웹 개발은 전자공학 DB는 전기공학이다,"
웹은 사고나면 커봐야 총기난사 또는 지뢰 폭발DB는 사고나면 융단폭격급이라고 보면 된다.
",2006.12
2864001,퇴사하고 한달반 동안 면접 전화 한통 안왔다.,"
나만 그런거냐???
",2006.12
2864000,개발자 취업이 유독 힘든거 맞지?,"
타직업들도 그렇지만여기는 과포화라서?..
",2006.12
2863999,기본소득 언제돼?ㅠ,"
나 이제 출근하기 싫단말이야 ㅠ 이재명 뽑으면 출근 안해도 된담서  - dc official App
",2006.12
2863998,모모한테 어떻게 이런 추악한,"
이 아니라 슬기였습니다.  - dc official App
",2006.12
2863997,챗티씨의 코드를 보고 공부하는 시대에 이르러,"
코딩의 스포츠화가 되셨구나.
",2006.12
2863996,챗티씨 말인데 천재 같은데?,"
알고리즘이고 소스 작성이고 못하는게 없고자동차도 잘만들고 비행기도 잘만드시는구나.뭐했노 이기
",2006.12
2863994,국비 학원에서 공고 줬는데 직원수6명.. 내일면접,"
군대에서부터 개발자 꿈 갖고 전역하자마자 전문대 컴공과 수시넣고, 졸업하고 바로 취업못해서, 생활고때문에 1년간 다른일 다니고. 다른일 다닌곳에서 건강 너무 망가져서 개인적인 일들 마무리짓고, 다시 개발자 도전해보고싶어서 국비 학원 다니고.수료하고. 구직활동 시작. 6개월간 이력서 120곳넣어서, 면접 두번 봤는데 잘 안됐음. 이제 생활고 때문에 꿈 포기해야되나 싶었는데 학원에서 이번에 공고 하나 보내줬음 학원커리큘럼이랑 맞는 개발 직무, 사람인에 채용공고X 직원수 6명에, 잡플래닛에 안나오는기업 5년차에 매출 5억대 이제 곧 30대 가까워져가는데 퇴사한지도 2년째고 그동안 쿠팡 알바나, 부업으로 생활비 겨우겨우 벌면서 살고있는데 주변사람들한테 미안해서라도 더이상 꿈만 찾기에는 내가 너무 한심하게 느껴져서 이번에 안되면 이제 꿈 포기하고 할 수 있는 일 찾아가려고함.. 조건 안좋더라도 마지막 면접..까지 최선을 다해봐야겠지? 
",2006.12
2863993,아스카 토요일 대전 성심당 출현 예정,"
대전에 갈 일이 생겼다 ㅇㅅㅇ
",2006.12
2863992,하루 9시간은 자야함,"

",2006.12
2863991,요즘 kt통피 39.7 안나옴,"
118.235로 나오네 몇년전만해도 와리가리 하면서 나왔는데
",2006.12
2863990,챗티씨 시대 미쳣네 진짜!,"
오픈소스 연동 클라이언트 챗팅 한방에 빵!진짜 이런 시대가 오고야 만 것인가?
",2006.12
2863989,빼겐드 ㄴㄴ,"
배껜드 ㅇㅇ
",2006.12
2863988,이재명 대통령씨 제법 위엄이 있으시더라,"
정색하고 질문하고 뭔가 해야할것 같은 압박감을 잘 심어주더라.진정한 그레잇 정신을 이재명 대통령씨로부터 배우시다.
",2006.12
2863987,냥덩이를 괴롭히면 안되는 EU,"
https://youtu.be/-6ULg70sYyg?si=8LOPYsSWKmLL0P1D
",2006.12
2863986,ㅇㅅㅇ ?!?,"
https://youtube.com/shorts/aPCYHuHKAeA?si=RTqngMIvFaFcxNbL
",2006.12
2863985,국제왕따 리재명이 망한 이유,"
https://youtu.be/RjqXPSnzXK0?si=rM2DfFJkwNZJXov0
",2006.12
2863984,본인 3개 회사 연봉 내역 백엔드,"
si 3700 (인센 200% 복지포인트 연 120)서비스 3400서비스 4500ㅇㅇ 식대 나온회사는 없었다. 시발총경력 2년반ㅁㅌㅊ
",2006.12
2863983,항해99 후불,"
이년전쯤 후불로했었는데 취업을 못해서 미루다가 이제 돈내라고 연락안온지 일년넘었는데 그냥있어도 되는걸까…사람마음이란게 힘드니깐 간사해진다 나같은사람있어?
",2006.12
2863982,입터는거 존나 빡세,"
사실 내가 못발견한 버그였는데 사용자 환경에서만 있는 버그라고 구라까고원격 수정함ㅋㅋ
",2006.12
2863981,아조씨들 비관적으로보면 대한민국자체가 미래없는데 왜사노,"
나가라ㅋ
",2006.12
2863980,코딩하다가 어? 하는 사람하고 같이 일하지 마셈,"
정신병 걸릴 수 있음
",2006.12
2863979,평등,"

",2006.12
2863978,대규모 패치건 발생,"
사원이 돕겠단 말도 안하고 부장 하나 냅두고 런쳐버리네...  - dc official App
",2006.12
2863977,헤르미온느가 ㅊㅊ 눌렀넹,"

",2006.12
2863976,나님 문화력 왤케 높을깡..?,"
낭만⭐있는 인생~
",2006.12
2863975,지하철에서 기장이 dj하시는구나,"
　　　♥+　　　뉴프로+몸조심 하라는 둥 안해도될 쓸데없는 말을 하시는구나. 
",2006.12
2863974,귀여운,"
Php 코끼리 보고가 
",2006.12
2863973,맥북 이거 좋은거임?,"
물리학과랑 전기전자공학과 복전하고있는 대학생인데노트북 살라하는데 가끔씩 있을 3D작업도 염두에 두고 선택할려고 함.맥북 14프로면 충분할까?컴잘알들아 좀 도와주셈
",2006.12
2863971,이거 혐짤 아님? ㅇㅅㅇ,"
유저가 올리는 혐짤은 약혐이라도 칼같이 삭제하면서광고는 왜 허가해줌?징그러 죽겠구만..ㅇㅅㅇ
",2006.12
2863970,노인이면 젊은이들의 시간을 착취해도 됨??,"
ㅇㅅㅇ
",2006.12
2863969,(인생조언) 개발자로 성공하고 싶은 사람에게,"
로또 사십쇼.두장 사십쇼.연금 복권 사십쇼.두장 사십쇼.주식 사십쇼.
",2006.12
2863968,하 씨발ㅋㅋ IoT 납품했는데 학생이라고 네고해달라고 지랄병,"
애미 창년 새끼들
",2006.12
2863966,인공지능 인생 40 년 갈아 넣었습니다.,"
여기 저기서 헛바람 쑤셔 놔서뭣 모르는 잣밥 것들이가스라이팅 되서타자칠 필요도 없고 말만해도코딩 알아서 해준다고 하니비싼 돈 쳐 들여서프로그래머 채용안해도 된다는말 갖잖은 헛소리 빽빽 하는데세상이 만만해 보여?
",2006.12
2863965,ai는 패러다임 변화가 없으면 보조도구 이상이 되긴 힘들거같음,"
딥러닝이 어떻게 돌아가는건지 대략적인 컨셉을 볼 때,그냥 패턴 예측으로 구동되는 원리다패턴 예측을 어떻게 하느냐를 자세히 살펴보면 입력값에 대한 자동화된 비선형 함수 도출 방식인데,정답 라벨에 대한 설정은 인간이 직접 해줌이건 부정적인 답을 잘 못하는 이유라거나 쉽게 해결할 문제를 괜히 어렵고 교과서적인 방법으로 예측하는 것과도 연관이 있는데,지금의 방식으로는 학습을 시켜도 근본적인 구조 변화는 힘들 것으로 보임..이건 그냥 내 생각일 뿐이고 어떻게 될 지는 모름그런데 나는 뭔가 부족하다는 느낌을 절대 지울 수가 없음..당연히 점진적으로는 개선될텐데, 새로운 패러다임이 제시되지 않는 이상 혁신이 일어나지는 않을 것 같음
",2006.12
2863964,❤✨☀⭐나님 시작합니당⭐☀✨❤,"

",2006.12
2863963,대충 1년 반만에 코딩 다시 해야하는데,"
까먹은게 많긴 한데 한번 해봤던거라 걍 유튜브 보면서 클론코딩 한번 해보면 대충 기억 나려나? 걍 바로 프로젝트 하면서 그때 그때 공부해도 되려나? 웹개발임 전에도 코딩 잘하는건 아니긴 했음 
",2006.12
2863961,내꿈은 아버지가되는거였는데,"
30모솔이라 가망이안보인다
",2006.12
2863960,노인법 시이발,"
아휴 씹
",2006.12
2863959,누가 자꾸 나님글에 ㅊㅊ 누르는거에양?,"
뀨?
",2006.12
2863958,시발 축구나 해서 월드컵 팀운으로 버스 노려서 평생연금 노려볼껄,"
시발 ㅋㅋ
",2006.12
2863956,코딩은 미래의 최저임금직,"
8년전 포프tvhttps://youtube.com/v/aLyi0SkuKmY?si=rD_CMVRjvtPGDEo_ 코드몽키의 미래코드몽키의 미래youtube.com
",2006.12
2863955,남북한2000년역사보니깐 조센징dna는 변하지않는듯...,"
ㄹㅇ
",2006.12
2863954,공무원하면서 si플젝 아조씨들 보기,"
ㄷ ㄷ
",2006.12
2863953,남북한은 2000년 역사가 관료들이 해쳐먹는나라누...변하는게없누 ㅋㅋㅋ,"
ㅋㅋㅋㅋㅋㅋ
",2006.12
2863952,걍 공무원하는게낫지,"
ㅇㅇ
",2006.12
2863951,AI 떄문에 빠른 손절 친다,"
앞으로 개발자 전망을 점점 더 악화될듯오늘 부로 퇴사하고 다른 직종 준비한다 나는다들 끝까지 빛내주기바람~ㅋㅎ
",2006.12
2863950,❤✨☀⭐나님 시작합니당⭐☀✨❤,"

",2006.12
2863949,생산직이나 하자 애들아,"
이번에 대기업 드갓는데 만족도 높음 상시주간 주5일 연봉 4800 특근 강요x 잔업 무조건 없음 스트레스 별로없고 일 할만하다 개발보다 전망좋은것같고 취미로나 코딩하는게 맞더라   - dc official App
",2006.12
2863948,Yes24 2000만명 정보유출 가능성있어. 뉴스,"
 2천만 고객 정보 털렸나…먹통 예스24 일파만파[앵커] 2천만 명이 넘는 고객을 보유한 예스24가 랜섬웨어 해킹으로 먹통이 된 지 나흘째입니다. 당초 개인정보 유출 가능성에는 선을 그었는데요. 그런데 갑자기 말을 바꾸면서 또 다른 논란이 불거지고 있습니다. 취재 기자 연결해 자세히 들어보겠습니다. 김한나 기자, 개인정보보호위원회가 본격적인 조사에 들어가자 예스24 입장이 달라졌다고요? [기자] 개인정보v.daum.netAI코드가 불안전해? 니들은 차이있어? 똑같은데?
",2006.12
2863947,덥다,"
무더위속으로 다시 들어가는구나  - dc official App
",2006.12
2863946,감자밀가루전문가루치즈가루 칠리케찹 맛있게 이미 먹었당.,"
마음이 돼지가 되는 정책정책1번가?1찍?과연 난 무엇인가?
",2006.12
2863945,옛날에 카페에서 노트북 무료대여해줘서,"
기분나쁜날에 노트북 파괴하고 다녔는데 잉 ㅠㅜㅜㅠ
",2006.12
2863944,[속보]아스카 개꿀 버스 탑승,"
고객사 몰래 1시간 딸깍 만들 수 있는 모듈을선임 대대로 2주 걸린다고 구라를 쳐놨는데고객사가 그 말을 철석 같이 믿고 1명 더 투입해달라고 요청원래는 4년차 동년배 한녀 상사가 오기로 되었는데한녀 상사가 오기 싫다고 징징대서어쩌다 손이 남는 2n년차 영피프티 베테랑이 오게 됨방금 담타하면서 말을 나눠보니 꽤나 말이 통하는 사람인 듯일은 0.5~0.7인분인데 2명이 투입되어서(그것도 한명은 2n년차 베테랑)앞으로 둘이서 존나게 개꿀 빨 예정임이러고 월급 받아도 되나 싶다 ㅇㅅㅇ
",2006.12
2863943,일본지진 나면안되는이유,"
한국에도 지진와서 한국망함
",2006.12
2863942,pandas 써라,"
matplotlib numpy로 일일히 코딩하지 말고 ㅇㅅㅇ
",2006.12
2863941,mz 너흰 쓰레기야 쓰레기니깐 인생이 그렇지 ㅋㅋ,"
유시민 이준석 어록 ㅇㅇ
",2006.12
2863937,팩토리패턴 전략패턴 써서 이쁘게 설계했는데 ㅇ ㅅㅇ,"
야근하면서 공부해서 만들었는데 ㅇ ㅅㅇ;이사가 전부 IF ELSE로 처리 하라고 함 ㅇ ㅅㅇ;기존거대로 하고 새로운거 하지 말라고 ㅇ ㅅㅇ...- 그건 C가 아니야. (C# 쓰는중임)ㅇ ㅅㅇ.슬픔.
",2006.12
2863936,다들 블로그 관리 하냐?,"
그냥 취미로 블로그 하고싶은데 괜찮은 참고용 블로그 찾고싶은데 좋은 레퍼 없을까?
",2006.12
2863935,평촌 공원 1 2 재활용 깨끗합니다. - Yestderday,"

",2006.12
2863934,캡스톤이 뭐냐? 궁금해서 물어본다.,"
캡스톤이 명확하게 뭐하는거냐?내가 가방끈이 짧아서 물어본다.
",2006.12
2863933,부모말은 먹어라랑 운동해라만 들으면됨,"
먹는거 ㅇㅇ
",2006.12
2863932,부모말듣지말고 내말되로 모든지 포기하고 시도하지말았어야됬는데,"
시발개좇센
",2006.12
2863931,"중국연구원,LLM이 인간과 유사한 방식으로 개념을 표상함을 밝혀","
https://www.nature.com/articles/s42256-025-01049-z Human-like object concept representations emerge naturally in multimodal large language models - Nature Machine Intelligence Multimodal large language models are shown to develop object concept representations similar to those of humans. These representations closely align with neural activity in brain regions involved in object recognition, revealing similarities between artificial intelligence and human cognition.www.nature.comNature지 논문LLM이 구축한 개념 지도가 단순 패턴 매칭이 아닌 인간의 정신과 매우 유사한 의미론적 군집화를 보였으며, LLM의 개념 표상 과정이 인간 뇌의 특정 신경 발화 패턴과 강하게 일치함을 확인했다고 함다만 인간의 뇌는 시각적 특징과 의미 정보를 연관짓는 경향이 강한 반면, LLM은 의미적 레이블과 추상적 개념에 더 의존하는 경향이 강해서 완전히 같은 건 아니라고 함. 그래도 LLM 구조가 패턴 매칭보단 인간의 개념 형성에 더 가까움을 확인했다는 점에서 의미있다고 봄결국 인간도 월드 모델 때려넣은 확률론적 앵무새였단 말이지...
",2006.12
2863930,ai 좆도 걱정안하는 이유,"
걍 고성능 구글링 머신일 뿐임 ㅇㅅㅇ 이건 앞으로도 변하지 않을거임 뭐 LLM 써서 만들었다 만들더라 ㅇㅇ 인정 근데 아주 씹 기초단계지 고도화못함 ㅇㅅㅇ 고도화 할 수있는데? ㅇㅇ 직선일변도로 가면 중간단계는 가겠지 근데 확장성이 고려되지 않았기 때문에 확장성 좆박고 나중에 다 뜯어고쳐야함 그리고 이건 ai가 불가능한 영역이고 나도LLM 쓰고있고 개발자끼리도 이야기하고, 개발 문외한 친구가 LLM으로 앱개발하면서 하는말도 듣고 피부로 느끼고있음 ㅇㅅㅇ 비개발자 친구가 LLM으로 앱만들기 하면서 ai로 앱만드는거 개쉽다 다 해주니까 편하다 했다가 한달 지나니까 다 될줄알았는데 좀 디테일하게 들어가려면 자기가 다 공부해야해서 죽겠다더라 ㅇㅅㅇ 
",2006.12
2863929,"컴퓨터 개론 - 구조론 - 자료구조, 알고리즘 - 운영체제 순이 맞나요?","
현재는 전처기를 목표로 하고있고 서버 네트워크 방향으로 공부해보려고 합니다.유니티를 많이 사용하여 게임을 만들다가 한계를 느껴 조금 더 근본론적인 방향으로 공부해서 어중간하게 가지고 있는지식들을 채워보려고 해요. 제목의 순서처럼 공부한다면 기반지식을 잘 다질 수 있을까요? 
",2006.12
2863927,ㅆㅇㅆ를 싫어했던 이유,"
1.나보다 더 잘났으니까 질투 났었다.2.나는 그보다 멍청하단걸 늦게 깨달았다.3.초보자 배려를 한 글을 많이 올려주진 않았다.1번이 핵심이지 ㅆㅇㅆ야 초보자 배려글도 좀 올려줘라.부탁한다 내용이 너무 어렵다.
",2006.12
2863926,한국기업 10곳중 4곳 돈벌어 이자도 못내는 좀비기업.,"
https://biz.chosun.com/policy/policy_sub/2025/06/11/DGI7QN3ACFDSJGQNVEIALD6DCY/ 이자 못내는 ‘좀비기업’ 40.9%… 2013년 통계 작성 이후 최대 이자 못내는 좀비기업 40.9% 2013년 통계 작성 이후 최대 영업적자 기업 비중 28.3% 역대 최대 일부 대기업 호실적에 수익·성장 지표는 개선biz.chosun.com2024년기준 통계 2013년 이후 최대.
",2006.12
2863925,MCP 붙여도 RAG 붙여도 한계가 명확함. MCP 직접 작성해서 붙여도,"
봤고 , RAG 해서 만들어도 봄에이전트는 아직이고근데 여전히 AI는 갑갑하고, 대형모델은 토큰값 씹창이고뭔가 옛날 구글링 이어붙이고 깃헙 이어붙이고 할때보다 편하긴한데'앱 완성해줘' 이 수준은 안됨대부분 함수단위로'이 함수의 변수는 xx고 이런 목적으로 가지고, 있고, 이렇게 성능 개선해줘' 라면서 함수, 메서드 단위로 계속 붙여나가야 쓸만함클래스 단위만 가도 찐빠나고
",2006.12
2863924,공장자동화 특징) - 노조없으면 만듦,"
신규공장은 거의 자동화됨
",2006.12
2863923,Llm mcp붙여도 아직은 럭키 구글링임,"
내 생각엔 아직은 럭키 구글링임어떻게 수정하고 이 값 수정을 왜 해야하는지를 모르니까
",2006.12
2863922,개발 아조씨 1/10 로 줄고 요양보호사 10배 증가할듯,"
ㅇㅇ
",2006.12
2863921,ai ai ai,"
손정의 짤
",2006.12
2863920,일반적인 개발자는 어차피 다 죽을거다,"
근데 걱정은 안된다.그만큼 AI보조하는 직업이라도 생기겠지.
",2006.12
2863919,걍 특이점이 온다갤 가보셈,"
https://gall.dcinside.com/mgallery/board/lists/?id=thesingularity&exception_mode=recommend 특이점이 온다 마이너 갤러리특이점이 온다 마이너 갤러리gall.dcinside.com
",2006.12
2863918,개발그대로라 해도 앱이랑 웹수요가 줄어들듯,"
챗봇한테 물어보면 걔가 스스로 검색하고 분석해서 다 가져다 주는데니네 앱/웹에 왜 들어감
",2006.12
2863917,C# 많이해라 자바 파이썬 php다딴다,"
지금 세상에서 제일 좋은 언어가 씨샵이다 근데 ㄴ니들이 안쓰니까 이 좋은 언어가 자꾸 묻히고 배척받잖아 ㅇㅅㅇ 그렇게 좋으면 회사들이 왜 안쓰냐고? 씨샵하는놈들이 적으니까ㅇㅇ 만들면 끝이 아니라 지속적으로 유지보수하고 개선해야하는데 사람이 없다는건 유지보수 및 프로그램 개선이 어렵다는거야 ㅇㅅㅇ 그래서 씨샵은 슬프다 
",2006.12
2863916,특이점이온다 후속편- 마침내 특이점이시작된다 출간,"
한국어판 출간지은이: 레이 커즈와일직업:미래학자소속: Google소개 끝
",2006.12
2863915,내가빛보다 빠른 물질을 발견하고 시뮬레이션도통과했음 ㅇㅇ,"
하지만 그 물질은 빛을 가지고 있지 않고 인류는 빛을 통해서 세상을 관측할 수 있기 때문에 빛보다 빠른것을 관측 할 수 없었음.. 발견만하고 증명을 못하니 답답하구나 노벨상 감인데 이거 
",2006.12
2863914,장관 차관은 미국식으로 해고 가능하다는구나,"
　　　♥+　　　뉴프로+짤렸다고 고용노동부에 신고해도 소용없다는구나. 
",2006.12
2863913,대통령씨 부하 오후 09시에 쓰러졌다는구나,"
　　　♥+　　　뉴프로+프붕이들 딸칠 시간에 일하시다 혼절하셨다는구나. 
",2006.12
2863911,디시 댓글 음수값도 있었네,"
댓글 카운트 0이 최솟값이 아니었구만
",2006.12
2863909,어찌하면 핸들을 얻어올수있을까,"
권한 높은 프로세스의 핸들을 상대적으로 낮은 프로세스에서 탈취할 방법이 없을까?
",2006.12
2863908,슬슬 돈얘기 나올시간이니,"
백수는 잠시 사라지것습니다.
",2006.12
2863907,개발자 꼴랑 3명인 회사에서 ㅇ ㅅㅇ,"
- 이거랑 이거 테이블 하나로 해요?- 문서로 말해. 문서로.꼴받네 ㅇ ㅅㅇ;;;;;
",2006.12
2863906,틱톡으로 돈모으기 vs 전기세 시간,"
ㅇㅇ
",2006.12
2863905,노인 시발 진짜,"
ㄹㅇ
",2006.12
2863904,매일매일 새로운 여자랑 모텔에,"
갈 일은 없다.돈없슴.불혹을 넘긴 나이.작은 키.짧고굵은 다리.풍만한 아랫배.광활한 이마.메마른 통장잔고.초딩스런 인생관.여자보는 눈 매우 높음.
",2006.12
2863903,매일매일 새로운 언어 새로운 라이브러리 새로운거 하니까 즐겁다,"
그것과 별개로 게임 만들어야하는데 쉽지 않다
",2006.12
2863902,부모말 듣지말고 시도조차하지 말았어야했다,"
시박
",2006.12
2863901,근데 왜 사람들은 C#을 꺼릴까? 나 이번 프로젝트 C#으로,"
해준다했거든? C#이 파이썬보다 성능도 좋고, 파이썬은 tkinter랑 matplotllib 같이 쓰면 메모리 누수 일어나서 양봉 그래프 같은거 만들때어느정도 성능 희생해야하거든C#은 안 그래도 되고근데 사람들은 C#으로 해줄게요 하면'남들 다 파이썬이라는 걸로 해서요'라고 하던데C#이 성능 압도적인데 너무 슬프다
",2006.12
2863900,일단 오늘 납품=ESP 32 IoT 프로그램(센서 감지 후 알람),"
이전에 납품한 해외 장외 거래 옵션 설정
",2006.12
2863899,아 피곤하다,"
자고싶다
",2006.12
2863898,드디어 도커이미지를 쓸만한 프로젝트가 왔다 ㅠㅠ,"
크몽에서 말해보니 140 불렀다는데 난 얼마냐고 하길래 80부름ㅋㅋ120 할까했는데 걍 파격적으로 함
",2006.12
2863897,신입 몇개월다니다 퇴사했는데 재취업이 안되고있음..,"
요새 경제도 나라정세도 더 안좋아졌고 공고도 너무 줄어서 재취업이 안되네..1년전에는 연락 그래도 많이 왔거든 마음이 힘들다 요즘
",2006.12
2863896,키움증권 주식 자동매매 프로그램 클라우드에서 실행하게 만들어야한다,"
22일까지 납품 약 80만가즈아
",2006.12
2863895,[속보] 미국 이라크 대사관 철수,"
정보: 우크라전 며칠 전 우크라 대사관이 먼저 철수했다
",2006.12
2863894,님들 저 졸업작품 주제좀 추천해주세요,"
벽에.벽입니다
",2006.12
2863892,나님이 생각하는 대선 광고 1위,"
https://youtu.be/1zCLsqP-a4k?si=hyRmv-S5eIOmTKzu
",2006.12
2863890,먹고사는거 힘들다,"
하 
",2006.12
2863889,다음주에 프론트 인턴면접 보는데 존나 떨린다,"
인턴질문 급을 모르겟는데 ㅈㄴ ㅜㅜㅜ 
",2006.12
2863888,앱개발 하려는데 언어추천좀,"
앱 개발을 취미로 시작해보려고 합니다.
C++ 개발자라 처음엔 그냥 재미 삼아 하려던 건데,
하다 보니 나중에 적성에 맞으면 이쪽으로 이직도 고려해볼 수 있겠다는 생각이 들어요.그래서 크로스플랫폼 앱을 만들 수 있는 Flutter를 써보려고 했습니다.
앱도 직접 출시해보고 싶고요.그런데 주변에서 Flutter는 요즘엔 좀 비추한다는 얘기도 들었습니다.
차라리 Kotlin이나 Swift로 네이티브 개발을 배우는 게 낫다고 하더라고요.그래서 고민인데,
크로스플랫폼 개발은 그냥 안 하는 게 좋을까요?
아니면 말씀대로 안드로이드(Android) 와 iOS를 따로 배우는 게 맞을까요?
그리고 혹시 위 언어들 중에 추천해주실 만한 게 있을까요?
아니면 Flutter 말고도 괜찮은 다른 대안이 있다면 알려주세요 ㅜㅜ
",2006.12
2863887,좇센징이 똑똑한사람이 많음??,"
김정은도 똑똑한거 아니누??근데 왜 나라는 그모양임 ㅋㅋㅋㅋ좇센징들보면 그냥 답없음 미래가 없음 ㅋㅋㅋ
",2006.12
2863885,내 와이프 사진인데 어때,"
 - dc official App
",2006.12
2863884,개좇센 천년역사가 지나도 좇센징dna는 절대 변하지않는다,"
ㅇㅇㅇ
",2006.12
2863883,개발 일 하면서 너무 개발에 치중한 관리자급은 힘들더라,"
너무 사업 자체를 이끄는 팀들이랑 마찰이 많고그걸로 인해서 밑에 사람들이 너무 피곤함그냥 무난무난하게 잘 이끄는 사람들이 관리자에 적성이 맞는 것 같다..너무 개발에만 초점을 맞추면 안됨..
",2006.12
2863882,❤✨☀⭐나님 시작합니당⭐☀✨❤,"

",2006.12
2863881,[한국콘텐츠진흥원] 뉴콘텐츠아카데미 장기과정 교육생 모집 (~07/25),"
✨ 뉴콘텐츠아카데미 장기과정 교육생 모집 ✨✅ 주최: 한국콘텐츠진흥원✅ 교육 과정: 비학위과정(1년+1년)✅ 교육 기간: 2025.09-2026.08✅ 교육생 모집: 2025.06.09-07.25 14:00✅ 접수 방법: 뉴콘텐츠아카데미 홈페이지 온라인 접수✅ 문의처: 02-6310-0763 / nca@kocca.kr✅ 뉴콘텐츠아카데미 홈페이지: https://www.ncakocca.kr/ NCA 뉴콘텐츠아카데미 NCA 뉴콘텐츠아카데미www.ncakocca.kr
",2006.12
2863880,조상들을 보고 삶의 지혜를 깨닫는것은 ㄹㅇ 맞는듯,"
ㄹㅇ
",2006.12
2863879,이재명 대통령씨 부하 어제 쓰러졌댄다,"
　　　♥+　　　뉴프로+야근하다 쓰러진것 같음. 이정도 열정으로 코딩해야되는것 같다. 목숨을 걸어라. 
",2006.12
2863878,조만간 회사 망할것같은데 다른일 알아볼까..,"
31살 지잡대  경력 2년 SI 연봉 3400 조만간 회사 망할것같아서 이곳저곳 찌르는데 물경력이라 갈곳이 없다 나이도 슬슬 위험하고 제2인생 시작하려는데 뭐해야할지 막막하다  - dc official App
",2006.12
2863876,시말서 작성 꿀팁좀,"
부탁드립니다  - dc official App
",2006.12
2863875,이직한 회사 콤푸타 램좀 늘려주지,"
글카 시피유 좋는 거 달아주고 램은 16밖에 안주노
",2006.12
2863874,러스트가 또 해냈다. 오늘도 연전연승,"
https://news.hada.io/topic?id=21386&utm_source=slack&utm_medium=bot&utm_campaign=TV33RDXPU Munal OS - WASM 샌드박싱이 적용된 그래픽 기반 실험용 운영체제 | GeekNewsRust로 완전히 구현되어 있으며, unikernel 설계와 WASM 기반 샌드박싱 보안 모델을 사용하는 그래픽 기반 실험용 운영체제EFI 바이너리에 커널, WASM 엔진, 모든 앱이 내장되어 최소화된 구조와 독특한 시스템 호출 인터페이스를 제공VirtIO 기반 드라이버를 통해 QEMU에서 동작하며, 입력 및 네트워크, GPU 관리가 인터럽트 없이 폴링 방news.hada.iowasm 샌그박싱이 적용된 그래픽  기반 운영체제 ㄷㄷㄷㄷ  - dc official App
",2006.12
2863873,우리 회사 규칙 ㅇ ㅅㅇ,"
1. 메일 확인은 30분 안에 이루어져야 함 ㅇ ㅅㅇ2. 카톡은 항상 라이브로 즉시 확인 해야 함 ㅇ ㅅㅇㅇ ㅅㅇ 급하면 전화하는거지 시발 ㅇ ㅅㅇㄹㅇ ㅈ같음 ㅇ ㅅㅇ
",2006.12
2863872,민생지원금 스위치2 가능?,"
가능할가요?
",2006.12
2863871,헤르 미온느 = 한솔근,"

",2006.12
2863870,한달반안에 이직 가능하려나,"
7월말 퇴사임
",2006.12
2863869,프론트엔드 이직 만 1년만에 성공함 ㅎㅎ,"
첫 회사 이직 후 딱 만 1년만에 이직 성공했다.연봉은 올해 연봉 협상한 기준으로 54% 올랐고 비포괄 -> 포괄, 식대 X -> 식대 O, 복지포인트 0 -> 500, 성과금 X -> 성과금 O설레인다 설레여
",2006.12
2863868,좇센에서 태어나는거 ㄹㅇ 저주 아니누?? ㅋㅋ,"
ㅋㅋㅋㅋㅋㅋㅋ
",2006.12
2863867,미국 좌파 언론사까지 리재명 손절,"
https://m.dcinside.com/board/dcbest/338214 워싱턴타임즈 이재명 저격 나옴 - 실시간 베스트 갤러리https://www.washingtontimes.com/news/2025/jun/10/south-koreas-new-president-ruling-party-take-aim-judiciary/ South Korea’m.dcinside.com
",2006.12
2863866,벽화 ㅇㅅㅇ,"
ㅇㅅㅇ
",2006.12
2863864,태연 ㅇㅅㅇ,"
ㅇㅅㅇ
",2006.12
2863863,하루 한 번 헤르미온느 찬양,"
1 이미지 순서 ON2 이미지 순서 ON3 이미지 순서 ON
",2006.12
2863862,노인 시발 허구한날 비교질하지말라면서,"
노인쌔기들 모여서 다른나라들은 노인 살기좋다 ㅇㅈㄹ하고있네
",2006.12
2863861,빽다방에 줄 서는거 보면 참 개도야지들 많아,"
500원짜리 커피 먹을려고 30분씩 줄 서고 싶냐? 
",2006.12
2863860,❤✨☀⭐나님 시작합니당⭐☀✨❤,"

",2006.12
2863859,저 플밍 허접이에요,"
그니까 저한테 질문 그만좀
",2006.12
2863856,피부 노화를 방지하기 위해,"
썬크림 및 썬스틱을 적극 애용합시다
",2006.12
2863855,인지과학조져라,"

",2006.12
2863854,스업 신입 연봉,"
신입 풀스택이면 연봉 얼마 부르면 되냐?스타트업이고 내가 첫 직원이래
",2006.12
2863853,게임 메크로는 왜 걸리는거임?,"
대부분 소프트웨어 입력도 허용하는 추세에입력값 간격 고정으로 두는거 아닌이상 안걸릴거같은데정지당하는 애들은 어케 정지당하는거임?
",2006.12
2863852,빽다방 500원 행사 이후 매출 더 크게 떨어질듯,"
메가, 컴포즈, 빽다방 등 저가커피 라는게 특출나게 맛 잇어서 특정 브랜드만 선호하는 사람은 극히 드물고. 저렴한 가격과, 접근성(가까운곳) 위주로 소비하게 되는건데. 빽다방 아이스아메리카노가 500원 할인행사 한 탓에 이제 사람들 머리속엔 ""빽다방 = 500원""이 강렬하게 박히게되엇음. 행사 끝나봐라 500원에 팔던거 2000원에 사먹으라고 하면 사먹고 싶겟음? 근처에 다른 저가커피 잇으면 무조건 거기가지 빽다방 안가게 될거임. 주위에 다른 저가커피 없고 빽다방만 잇는 독점 상권 아닌 다음에야 500원 행사 이후 빽다방 매출을 큰폭으로 빠질거라 예상해본다. 
",2006.12
2863851,ESP 연결 쉽지 않네 테스트하는거 IoT 올만에 하니까,"
외주라서 하고있는데 어우 씨발
",2006.12
2863850,구글 AI 수준 ㅈㄴ 개병신인거 아님?,"

",2006.12
2863849,웹 에이전시,"
지디웹 순위 20중반이면 ㄱㅊ? 걍 에이전시는 ㅂㄹ? 사원수 70~100이라 가정
",2006.12
2863847,어제 오늘 너무 힘들다 삶이...,"
재활용 했다.
",2006.12
2863846,포티햄들 진짜 정이있는게 뭐냐면 자기 작업 잘해주면,"
다음 작업할때 추천해줌ㅋㅋㅋ포티햄들 비위만 살살 맞춰주면 걍 말잘듣는 동생임ㅋㅋㅋ
",2006.12
2863842,"그냥 당연히 내가 1등일거고, 내가 제일 잘했을거다.","
내일보자, 교수야.  중간고사 잘보고 방심해서 기말에 조지는 놈 많다고? 어 좆까. 그게 나는 아닐거다. 나한테 A+를 못주고 배기나 보자. 내가 당연히 제일 잘하고 내가 당연히 제일 열심히 하고 매일 당연히 제일 잘하고 많이 했던 나를 누가 이길건데? 내가 이긴다 ㅇㅇ 내가 당연히 1등이다.  - dc official App
",2006.12
2863841,나 근데 지피티 쓰면서 코드 쓰는법 까먹기 시작해서 좀 재활해야겠다,"
거의 있는거 재조립하는 수준이라
",2006.12
2863840,개발자 국비 질문,"
개발자 국비에서 OSI 7계층하고 TCP/UDP 같은 네트워크 이론 안가르치냐?이거 진짜 기본적인거라 가르칠텐데?
",2006.12
2863839,그냥 언어 깔짝해서 남이 쓴 코드 읽을 수 있는 수준이면,"
기술스택에 안넣는게 좋겠지?
",2006.12
2863838,프로그래밍 갤러리 국회전자청원이 없다.,"
있으면 이상하지...
",2006.11
2863837,"꿈도 못꿈 5000만원~6000만원 가지고,","
생계수급자 그냥 죽어야지 어떻해. 다음날 안 일어나면 죽어있는거지.수해나거나 벼락 떨어져서, 아니면 뭔 벼락이 떨어져,아니면 습설로 가라앉아서,이재명이 수해현장 오겠다.아마 못올걸?여길 왜와?관양로 53-1태풍에 쓸려갈 것도 없어...,태풍 불지도 않네.
",2006.11
2863836,"이사 갈 지 모른다는 생각이라서, 엄청 이상하다.","
어디로 갈지 모르겠지만,
",2006.11
2863835,"(진지)서울에서 백엔드 만 2년10개월차인데, 이직 시기 어떻게 하냐","
고졸이고, sm환경에서 일하고 있음재택은 일주일에 2일하고 있고 칼퇴, 유지보수5 신규개발5에 개발기간 내가정하고, 연봉은 4천정도고민은 앞으로 1년정도 연봉동결될지 모르는 상황인데 만 4년차가 되더라도 연봉 4천이 낮아보이지 않은가해서 질문함.
",2006.11
2863834,사실 최적화라는게 UniTask같이 할 거 아니면 안하는게 맞음,"
근데 난 UniTask와 비교했을때 약 10만개 정도이상에서는 앞서는 Task 라이브러리인 JDWTask를 만들어본적 있음물론 Task가 10만개 미만일땐 이기지못하지만ㅋㅋ
",2006.11
2863832,임마 이거 와이라노,"
파워링크 차단 ㄱㄴ한가새로고침 하니까 정상적으로 뜨긴뜨네
",2006.11
2863831,야동의 진정한 의미는 소리로 느끼는 것이다.,"
그 소리로 감각 하나하나 느껴 살리는 것이다.
",2006.11
2863830,이번에 주식 시그널 프로그램 만든거 너무 잘만들었다고 지인한테,"
추천해준다고 30만에 exe 팔라고 하던데. 저번에 외주해준 아재가.주식 시그널 프로그래밍이라는게 법적 위반이 있어서 친분 겸해서 만들어줬다하고 관뒀다이거 자기 리딩방에 300명 있다고 팔라던데하 ㅆ씨이이이이발 ㅠㅠAPI가 없는 사이트 소켓으로 뚫은거라소켓자체는 위반사유가 없는데 주식 시그널 이런거 주는게 불법 소지가 있다더라
",2006.11
2863826,동생 1년째 백수인 거 실화냐,"
슬슬 취직해야 할 타이밍인데 좀 걱정되는구만
",2006.11
2863825,나도 그레이트 개발 머신이 되고싶다,"
하지만 나는 개발 휴먼일수밖에 없군
",2006.11
2863824,나 대학원생 과제인줄알았는데 요즘은 대학생 과제를,"
아예 AIㄹ 한번 풀로 써봐라 하면서석사생급 과제를 주네MDD 낙폭 계산이랑 미친 뭔 ㅋㅋㅋ
",2006.11
2863823,능력이 뛰어난건 아닌데 회사에서 닌자 코더됨,"
좆같은거 담당자들끼리 서로 짬때리다가 단기간에 처리하고싶을때 나한테 일 맡기더라나한테까지 일이 왔다는건 보통 좆됐다는건데그런거 며칠안에 해결해주고 남는 시간에 개인공부함바보들 사이에 있으니까 평범한 사람이 천재가 되는군받는 돈 얼마 안되지만 일 별로 없는걸로 나름 만족중임
",2006.11
2863822,삼탠바이미는 뭔데 저렇게 가격이 비쌈?,"
같은 가격대 비슷한 크기, 스펙  타사 모니터 보다 10-20만 비싸네. 삼탠바이미가 다른점은 세울수 잇는 스탠드(?) 쪼가리 하나 포함된게 다 아님? 저 스탠드 쪼가리 하나 때문에 10-20만을 더 쓰는 미친놈이 잇나? 
",2006.11
2863821,여기 다 si 밖에없냐,"
ㅇ?
",2006.11
2863820,"김대중,이명박,윤석열 경제 잘했음","
대중이가 좌파 핵대중인건 별개
",2006.11
2863819,회사에 말동무가 없다,"
개발자도 나 하나임.정신병 걸릴 것 같음
",2006.11
2863818,필연적으로 서로 강하게 이끌리는건 뭘까,"
내가 먼저 말을 붙인거 아냐. 가만 보면 나이랑도 상관이 없는거 같아. 처음보는 사람인데 엄청 설레고 애가 탔다 딱 여기까지다. 설마 나르시시스트 공명은 아니겠지? 타입이 딱 정해져있어. 항상 어김 없었지. 어떤 타입이냐면 이런 타입니다 
",2006.11
2863817,보수와 극좌의 품격 차이,"
https://youtu.be/Bn_Eoo61gQE?si=KnESTPd5mNHvJ_8h
",2006.11
2863816,황제의전 특권의식 리재명 세종시 이전공약 어기고 혈세낭비 청와대 고집,"
https://m.dcinside.com/board/dcbest/338194 대통령실 ""청와대 복귀 예비비 259억...용산 이전비의 69% - 실시간 베스트 갤러리기어이 또 수백억써서 국민께 돌려준 궁궐로 돌아가네m.dcinside.com
",2006.11
2863815,보호 빡세게 걸려있는 프로세스는,"
드라이버 만들어서 커널 수준에서 핸들 따야하나 도저히 Ring3에선 가져올수가 없네인라인 조작하기엔 늅늅이라 못하겠고
",2006.11
2863814,근데 주먹구구식으로 대충 개발하는 이유가뭐임,"
새로운 기능 만들때 설계를 대충하고 걍 돌아가게만 만드는 이유가 뭐냐
",2006.11
2863813,나님 슬슬 씻구 주무실 준비⭐+,"

",2006.11
2863812,지능개발 전자오락,"
마메겜이 넘쳐나는데딱히 할게 없다.
",2006.11
2863811,찐따들 특징,"
ㅁㅇ
",2006.11
2863810,날좀보소,"
뭘봐?
",2006.11
2863808,리라초등학교에서,"
멀리 떨어진 곳에서 장화 발견
",2006.11
2863807,소프트 크랩버거 출시기념,"
으로 한맥 더블벅 섭취.
",2006.11
2863806,586 영포티,"
화무십일홍
",2006.11
2863805,진짜 프갤 오기 싫게 만드네..,"
찌질하게 매달리는거 존나 싫어
",2006.11
2863804,이것 또한 지나가리라,"
힘든일도 좋은일도 결국 지나갑니다. 우리는 어떤 자세를 취해야할까  - dc official App
",2006.11
2863803,짱진핑 망명각,"
https://m.dcinside.com/board/dcbest/338181 시진핑 왼팔과 오른팔이 전부 날라간듯하다 - 실시간 베스트 갤러리- 관련게시물 : 쉬치량 갑작스런 죽음,m.dcinside.com
",2006.11
2863802,강아지 이 사진 어때보임?,"
 - dc official App
",2006.11
2863801,틀딱 씨발련이 원격으로 수정해주겠다는데 씨발,"
해킹당할까봐 싫어 이지랄
",2006.11
2863800,이태원 지원금 신청 다들 하셨나요?,"
1인가구 기준 70인데 스읍.. 낼롬?!  - dc official App
",2006.11
2863799,이재명 대통령씨 질문이 제법 날카로우시구나,"
개미 투자자 출신이라 그래서 대책은?프붕이들 회의때 우리 시스템 개구린데요? 질문하는 프붕이 개털듯 털어버리시는구나.
",2006.11
2863798,님들 어떻해요. 자고 일어나니 핸드폰 잠금되어있네요,"
미치겠음. 버튼 누른다는게 영원히 데이터 날라감 카톡 은행 다 날라감.
",2006.11
2863797,"잘자고, 잘쉬고, 몸 움직이는게 정신상태에 진짜 큰 영향을 미치나봄","
학기 시작하고 3개월 좀 넘게 공부만 하면서도 지켰던게 하루 6~7시간 이상 자고,  하루 30분이든 1시간이든 산책이나 유산소 하고 쉴때를 확실히 정해서 하루종일 영화를 보든, 디시를 하든, 책을 읽든 쉬려고 했거든. 그래서 매일 하거나 틈틈히 하게되는 메이플, 롤도 다 접은거고... 근데 1달차부터 슬슬 정신상태가 맛이 가기 시작하더니 지금 기말고사 앞두고 나도 원인이나 실체를 모르겠는 스트레스가 심해졌음 단순히 공부를 하기싫다, 놀고싶다 이런게 아니라 공부는 당연히 해야할 일이니까, 그냥 하는건데 어떤 공백이 생기면 화가 난다거나, 그냥 원인도 모르는 허무함이 느껴지는거지. 그래서 근래 한 2주정도 거의 아무것도 못했거든. 안한건지, 못한건지 딱히 할일을 안하고 그냥 놀았어. 급한 과제나, 시험준비정도만 빼고는 저녁에 맥주도 마시고, 게임도 깔아서 하고, 운동 아예안하고, 담배 뻑뻑피고 살았지. 난 내가 이걸 원하는줄 알았고, 그냥 나쁘진 않았거든? 근데 2주 하면서 느끼는건 이 감정이 전혀 해소가 안되고 오히려 머리가 더 복잡해짐 차라리 씨발씨발 거리면서 공부하고, 운동나가고, 좆같으면 또 씨발씨발거리면서 딸치고 잠이나 자고 유튜브, 게임 하고싶어서 하려다가도 걍 침대에 누워서 쉬던가, 산책이나 하던 그때가 내가 정한 규칙을 지키고, 내가 생각하는 발전적인 삶을 살때가  진짜 차라리 덜 좆같은것 같음 그렇게 살때는 스스로가 혐오스럽진 않았는데 다시 2주 흐트러지니까 스스로가 존나 혐오스럽다. 뭐하는건가 싶고... 다시 삶에 많은 부분들을 통제하고 특히, 유산소랑 수면을 신경써야겠음. 규칙적으로 생활할때 정신상태가 덜 맛이 가는거 같음.  - dc official App
",2006.11
2863796,내일 또 회사에서 털릴걱정을 하니,"
오 허니~ 너무 보고 싶어~~~~~~  - dc official App
",2006.11
2863795,만2년 서비스 백엔드개발자 연봉 4천중반 괜찮냐?,"
스업인데 평균가냐?
",2006.11
2863793,보랑 지가 포함된 단어는 왜 야해보이냐?,"
　　　♥+　　　뉴프로+새로운 유행어을 만들고자 하는데 난감하구나. 
",2006.11
2863792,❤✨☀⭐나님 시작합니당⭐☀✨❤,"

",2006.11
2863791,좋은 세상이 왔다...,"
포켓몬 홈에서 교환하려고 어버이 윤두창 으로 전설포켓몬 거래하던거 생각남...세이브 데이터 날리니 후회됨, 닌텐도 스위치 라이트
",2006.11
2863790,최원종 왜 잡아 넣음? 프밍해야 되는데,"

",2006.11
2863789,버스를 타지 않으려면 집주변 주차할 공간이 중요하다,"
라고 말하면 님들은 화남?난 존나 당연하다고 생각해서 설명안한걸, 왜 설명 안하냐고 답답해하면 너무 속상함 우울함 새상이 미움index라고 쓸지 idx라고 쓸지 물어보면,가독성 챙길래? 변수명 줄일래? 라는 말이 내포되어있는게 자명하지 않음?요즘 좀 힘드네
",2006.11
2863788,JPA 뭔가 겉멋 스택 같음,"
 
",2006.11
2863786,좌청래 틀딱냄새 존나 심하네,"
https://m.dcinside.com/board/dcbest/338130 정청래 페이스북 근황 ㅋㅋㅋ - 실시간 베스트 갤러리국내 최대 커뮤니티 포털 디시인사이드. 힛갤러리, 유저이슈 등 인터넷 트렌드 총 집합m.dcinside.com
",2006.11
2863785,넥도리아 이사가는데 사이카 오나홀이랑 라라 오나홀 버리고 가야겠다,"
이사가기전에 버려야지 한 일주일 이내에 관양로 ...이거 세척하셔야 함. 지저분해... 샴푸로 세척
",2006.11
2863784,굽삐삐 다 죽었습니까?,"
굽삐삐도 사람답게 살고싶어  - dc official App
",2006.11
2863783,리재명 또 헛지거리 해서 트럼프한테 단단히 찍혔나봄 ㄷㅅㄷ,"
1 이미지 순서 ONhttps://m.dcinside.com/board/dcbest/338144 우원식 국회의장 “트럼프 대통령 오해있다면 풀고파”  - 실시간 베스트 갤러리도대체 무슨 시그널을 받았길래  ㄷ ㄷ ㄷm.dcinside.comhttps://m.dcinside.com/board/dcbest/338132 윤석열 대통령, ""미국 즉시 통화가 정상적인 것"" - 실시간 베스트 갤러리- 관련게시물 : 한미정상 통화후 공식발표없는 백악관 ‘이상기류’https://naver.me/xqugSYj7 “나 때는 미국 대통령 전화 바로 와”…전한길, 尹과 통화 내용 공개전씨, 尹 근황 전해 윤석열 전 대통령m.dcinside.comhttps://youtu.be/Im7bJSQbVTQ?si=AAWBgnWjnC5mPnru
",2006.11
2863782,이준석씨 여성부장관으로 국민 추천되셨더라,"
　　　♥+　　　뉴프로+이준석 여성부장관씨 보고싶지않냐? 
",2006.11
2863781,rpi wallpaper,"
1 이미지 순서 ON2 이미지 순서 ON3 이미지 순서 ON4 이미지 순서 ON5 이미지 순서 ON6 이미지 순서 ON7 이미지 순서 ON8 이미지 순서 ON9 이미지 순서 ON10 이미지 순서 ON11 이미지 순서 ON12 이미지 순서 ON13 이미지 순서 ON14 이미지 순서 ON15 이미지 순서 ON16 이미지 순서 ON17 이미지 순서 ON18 이미지 순서 ON
",2006.11
2863780,크롬 확장 프로그램 쓰시는분?,"
+크롬 확장 프로그램 쓰시는분?진짜 유용하고 괜찮은거 추천 부탁드립니다.+
",2006.11
2863779,보안 소홀히하다 해킹으로 망한 회사 있나?,"
yes24 왤캐 복구안됨??
",2006.11
2863777,나님 왤케 특별하실깡?,"

",2006.11
2863776,"static, this, super, 상속 extended 활용법 설명","
스태틱 -> 클래스 수준의 공유 자원같은 반 학생이면 대주는 걸레와 같음this-> 현재 실행중인 객체 자신을 가리키는 키워드, 일반적으로 메서드내에서 필드와 매개변수 구분할때 사용됨 즉 쌍둥이 형제처럼 비슷한 사람이 여러명 있으면 그중에서 걸 더 명확하게 구분하기위해서 쓰는거super-> 부모의 형질을 물려받는거부모 행동을 가져오는건데 부모가 개진상짓하는거 딸이 물려받아서 하면 그게 super임extend-> 기존 클래스를 확장해서 새로운 클래스 만드는거너가 부모님 가업 우동집 물려받았는데, 그걸 카레 우동집으로 만들면 그 클래스를 확장한 거임
",2006.11
2863775,걍 쉽게 생각해,"
제어 접근 = 뇌절 방지정적 키워드 = 개빗치상속 = 보는 관점에 따라 다르지만업그레이드도 될수있고 분류를 한다고도 볼수있음
",2006.11
2863774,디시 매크로 만드는거 별로 어렵지 않네,"
근데 특이하게 여긴 json으로 통신 안하네공기업,대기업 하청으로 있을때 사이트 보면 json으로 하던데..
",2006.11
2863773,"코드는 지피티처럼 짜되, 의도는 인간이 넣어야한다.","
그게 제일 어려운거 같음ㅋㅋㅋ반박 안받음
",2006.11
2863772,아니 자바 상속 클래스에 벽느낌,"
학교 온라인 수업 강의는 뭐 예제 보여주거나 설명하는데 뭔 용어도 어렵게하고 이거해서 이거 하는거야 이러고 그러면서 실습날때 제대로 응용도 못하고 구박이나 받고 아오ㅡ 강의도 개같이 하는데 자바 정석 책보고 공부할까 아니 솔직히 말하면 편입 공부때메 자바 공부를 안하는데 담주에 기말이라 그래도 좀 잘맞아야함 실습 을 겁나 망침 일반적인 문법은 할만한데 얘는 진짜 벽느낌 거의 손도 못댐 실습전 2일만 공부해서 이번에  자바 제대로 공부 좀 해볼려는데 클래스 상속 제대로 쓸려면 메소드 클래스를 잘써야하나 제어 접근 이런거는 언제쓰는거야 대체.... static 은 언제 그렇게 쓰고 this는 언제 쓰고 이런거 잘모르겠어 주로 뭘써야하는지 알려줬으면 좋겠어 코딩고수분들 담주 시험이라 그래도 공부 좀 해볼려고 기말로 복구 어느정도는 가능해보임 자바의 정석 유튭보고 해볼 생각 일단은
",2006.11
2863771,근데 프로그래머는 지피티처럼 짜야한다 생각함,"
반박은 안받습니다.
",2006.11
2863769,좇센에선 지능높거나 똑똑하면 인구절반이상의 노인들의 적임,"
적대적인 적왜냐하면 개돼지노예짓을 잘안함 ㅋㅋ
",2006.11
2863768,"학생은 기능 중심 설계를 하고, 개발자는 아키텍쳐 중심 설계를함","
지피티는 아키텍쳐 중심 설계의 모범만 가져와서지피티가 적어도 빈껍데기는 숙련된 개발자임지피티 코드의 특징은 아키텍쳐 형식은 알지만, 도메인 갈등 조건, 제약 조건과 의도적 타협을 모르는 이상적인 개발자인데그런 설계를 적용하고 있어서 학생 코드랑 지피티 코드는 클수록 차이가남
",2006.11
2863767,재미없는건 존나 하기싫은데,"
어떡하냐프로그래밍재미없다고 ㅅㅂ
",2006.11
2863766,지피티 코드냐 아니냐는 일단 스크립트 제목으로도 판단할 수 있음.,"
학부생 코드에src/core/interfaces/services/utils이거 들어간 순간 지피티나 깃허브 떼온거고도메인 별로 떼낸 순간 어지간하면 그거임학부생 폴더 구조는 대체로XXX_Projectscripts이런식에 하나로 몰아박거나도메인 별로 분리하는게 아니라그냥 동작별로pipe/ 뭐 이런식으로 폴더명 지으면 그건 학부생코드임ㅋㅋmove/jump/ui/audio/이렇게하면 그게 학부생 코드임폴더 이름을 대체로 동작 묘사로 함지피티 코드는 도메인 묘사랑 utils 까지 넣은거고개인적으로 실력 좋은 학생이라고 생각하는 학생들은move/jump/ui/이런식으로 쓰는 애들임. 잘보면 포폴도 그런식으로 짜야함. 일부러 동작 묘사하게 해야'내가 지피티 없이도 이정도 짤 수 있다 보여준거'왜냐하면 저렇게 dto 나누거나 서비스 레이어 나누는건 생각보다 어려운 차원이라 ㅋ
",2006.11
2863765,근데 지피티 코드 존나 쓰다보면 나도모르게 지피티처럼 코드 짬,"
지피티 로깅 존나 적는건 나도 존나 배움가끔보면 예외처리 존경스러울정도긴함
",2006.11
2863764,우선 학부생 코드냐 아니냐는 폴더 구조만 봐도 태가남ㅋㅋ,"
폴더 구조에src 박고 시작하고 시작했다?일단 바로 티가남ㅋㅋ
",2006.11
2863763,그래서 난 학생 과제할때 일부러 디버깅 많이 빼줌,"
그리고 실패 과정을 계속 적어줌학생과제에 첫번째는 무조건 이 코드 실패해서 이렇게 바꿨다는 과정 적는거임그리고 디버깅을 이렇게해서 했더니 됐다~ 라는식으로 적음그리고 catch try finally 안함
",2006.11
2863762,교수들 다 아는데 걍 봐주는거야,"
저학년따리들이 의존성 주입 , 모듈화 이런 개념 배워봤자 직접 안 써봐서 감이 없음근데 그걸 구현해서 제출했다?어렸을때부터 코딩한 코스퍼거 새끼 아닌 이상 ㅂㄱㄴ
",2006.11
2863761,지피티 코드 특징이 과잉방어임. 그니까 테스트 커버리지가 너무 넓어,"
일단 IService,IManager 같은 인터페이스 추출한 후에함수 분리하는데, 의미가 맞는데 맥락없는 의미 분리를 함보통 사람은 곤충을 두면 머리-가슴-배 정도로하는데지피티가 코드를 짜면 더듬이-턱-머리-상복부-하복부-다리 뭐 이런식으로 복잡하게 나눔문제는 이게 대형 아키텍쳐 상용 아키텍쳐에서는 맞는데, 학교에서는 안 그럼if문 마다 Debug.Log 존나 깔꼬, try catch finally 쓴다? 그럼 거의 지피티 코드임그리고 enum 이용한 상태머신 분리 시도하는데, 이 분리도 의미 문맥을 보면 이상함
",2006.11
2863760,지피티 코드 특징에 과설계라는 부분이 좀 보이는 부분이 특히,"
패턴 존나 쓰는데사실 학교에서는 패턴 안배우거든. 이건 진짜 실무 과정이라 소프트웨어 공학이 아니라2학년에 있는 객체지향 배우고, 그 객체지향에 있는 전문 실무서적 찾아봐야 그때부터 패턴이라는 걸 쓸 수 있음패턴을 모르고 쓸 수 있는거 아니냐하는데 명확한 목적을 바탕으로 쓰는 부분이 있음근데 여기에 if 부분에 디버깅이 가득하다?그럼 지피티 코드임
",2006.11
2863759,도쿄 여행지 추천 좀,"
한남 부랄친구와의 우정여행임 ㅇㅅㅇ사실 7년 전에 해외여행 아다 떼기 프로젝트로 7박8일로 도쿄 다 패고 와서또 어딜가야 할지 모르겠구나
",2006.11
2863758,컨디셔닝은 어떻게하는걸까,"
어떻게하는거냐 이말이야 힘이 빠진다..  - dc official App
",2006.11
2863757,내가 학부생들 과제 받아봤는데 지피티 코드는 티가남.,"
농담 아니고 학생들 작업 많이하거든? 학생들이 지피티 해서 따라한거보면 그냥 태가 존나 남어떤 감각이라고 할 수없는데학생들이 문제 자체를 이해 못해서 지피티로 얼기설기 붙인 그런 코드 티가 남그러니까 지피티는 언제나 과하게 한단 말이지.인간으로는 굳이 디버깅 안하는 지점까지 다 하려고 하는데학부생들 과제 코드 다 뜯어보면 다 지피티 티가 나는 부분이 있음
",2006.11
2863756,근데 진짜 충격적이었는게 뭔 줄 아냐? 지피티가 그냥,"
스크립트 하나 우겨넣으면 내가 여태 쓰는 방식처럼 일일이 모듈화하면서 추적하는것보다 훨씬 깔끔하게 짜더라에러도 없고이래서 애들이 지피티지피티 하는구나 느꼈음맨날 모듈화니 인터페이스니 이지랄하면서 추상화하고 어디까지 경계니 생각하다가하나에 깔끔하게 우겨박으니까 뭐 지피티가 신이더라야
",2006.11
2863755,현직 컴공 대학생 있음?,"
요즘 과제할때 챗지피티 존나 쓸 거 같은데, 교수님이 쓰지 말라하나? 쓴다해도 어캐잡냐 그거  - dc official App
",2006.11
2863754,비전공 출신 친구랑 이야기하다가,"
멀티쓰레드 이야기 어쩌다 나왔는데그거 좆밥 아니냐 이런 식으로 말하길래세마포어 , 뮤텍스 같은거 처음 들어본데임계 구역도 뭔지 모른다는데걍 그러려니 했다우매함의 봉무현들이 너무 많아
",2006.11
2863753,어린애들 장난감 최대한 만들면서 느끼는데,"
설계 감각이 사라짐.시간안에 기능구현해야해서오히려 갈라놓고 구조화하면 애들이 이해를 못함
",2006.11
2863751,프로그램이 너무 복잡해요,"
한없이 단순해보이다가도 너무 복잡해보여  - dc official App
",2006.11
2863750,근데 내가 느끼는게 뭐냐면 그게 있음 큰 감각이랑 작은 감각이 다름,"
작은 감각에서 도커 쓰면 대부분 손해고큰 감각에서 도커 안쓰면 감당이 안됨이 중간 지점 찾기가 어려운듯도커를 처음부터 만든다라고 생각해봤는데 이것도 영 힘들고이 중간 지점 감각 찾기가 참 어려운듯
",2006.11
2863749,아 씨발사고쳤다,"
하.. 하청업체 노동자의 삶이란 너무 힘들고 고독하다  - dc official App
",2006.11
2863748,리재명식 채용 ㅁㅌㅊ?,"
https://m.dcinside.com/board/dcbest/338056 s-oil 지원자 전원 채용취소통보 - 실시간 베스트 갤러리인적성 시험보고 난후 채용전원 취소통보 했다고함- S-oil 채용중단ㅋㅋㅋㅋㅋㅋㅋㅋㅋ취준생들에게 활기는 돌었지만채용못한건 이재명 때문이니깐탄핵하자- dc official App- S-oil 한참웃었다 wwwwwwwwm.dcinside.com
",2006.11
2863747,따당이 Git Animals 현황 ㅇㅅㅇ,"
1 이미지 순서 ON2 이미지 순서 ON3 이미지 순서 ON4 이미지 순서 ON5 이미지 순서 ON
",2006.11
2863746,본인 젠존제 하다가,"
짱깨쉐끼들 과금 너무 매워서 지움제대로 즐기려면 한달에 10만원 정도 들 듯 ㅇㅅㅇ
",2006.11
2863745,라즈베리 파이 납품했더니 명세를 바꿔야한다더라,"
피코모델인데 ESP로 명세 해서 다시 재작업 해달라고하는데학생이라 그냥 받아줬는데 난 왜 이래 호구일까
",2006.11
2863744,❤✨☀⭐나님 시작합니당⭐☀✨❤,"
https://youtu.be/lEOrYZhMsvw?si=CKUNzx_Yr_eSSRpb
",2006.11
2863742,젠레스존제로가 뭔가 했더니,"
공산당 개씹빨갱이 유한공사에서 애니 씹덕후 히키코모리 그림체로 만든 외화벌이용 게임이었군씹덕후 돼지새끼들이 지하철에서 육수 줄줄 흘려대면서 하고 있을 꼬라지 상상하니 끔찍하노ㅇㅅㅇ
",2006.11
2863740,내가 대학원 가고 느낀게 학부따리는 뭘해도 학부따리임,"
진짜 특출난 애들 제외하고학부생간 능력차이는 모르겠음
",2006.11
2863739,컴공 나왔지만 굳이 컴공 갈 필요가 있을까,"
유튜브보는데 댓글에 논쟁이 있어서 문뜩 생각이 드네학부 수준에서 배웠던거 진짜 겉핥기중에 씹핥기인데 굳이 갈 필요가 있을까 독학으로도 가능한데
",2006.11
2863738,프론트엔드 공부하는데 Node.js 꼭 공부해야해?,"
프론트엔드 공부하는데 Node.js 꼭 공부해야해?
",2006.11
2863737,장차관은 고용노동부 신고해도 소용없다는구나,"
나님씨 질문에 챗티씨 또 빵 터지시다.
",2006.11
2863736,보안 권장사항 무시하고 걍 세션 스토리지+헤더 쓸까 하다가,"
어떻게 비벼가지고 겨우 구현했다. 씨발 쿠키하나 굽는것도 시행착오 존나 있구나 싶다.  - dc official App
",2006.11
2863735,jwt로 만들다가 리프래시 토큰 빡세가지고 세션으로 도망친건데,"
 세션하니 쿠키 쓰라 그러고 쿠키 쓰니 각종 보안 머시기 옵션 설정하니까 차라리 그냔 jwt 리프래시 구현할걸 그랬네 - dc official App
",2006.11
2863734,이 폰 이미지 업로드가 안 되서 접는다.,"
재활용 평촌공원
",2006.11
2863733,쿠키 처음 써보는데 개빡세네,"
http only니 secure, same site 별게 다 있는데다 서로 영향을 주기도하니 개 빡세네  - dc official App
",2006.11
2863732,재활용 간다.,"
...
",2006.11
2863731,설계 너무 힘들어여 ㅇㅅㅇ,"
어뜩해야 고수 대나여 ㅇㅅㅇ? 
",2006.11
2863730,외주하다보면 영포티햄들이 통이크시다,"
20대초 남자 새끼가 제일 싸가지 없는데 그 새끼들은 지식으로 찍어누르면 조용하지고가시나들은 이 시발 뭐만하면 네고해서 힘들고영포티햄?안되면 허허 조금 더 기다려줄게요되면 허허 두둑히 넣었습니다 하면서 추가금포티행님한테 내가 시발 감동의 도가니 탕임 항상
",2006.11
2863729,샤워하고 화장실에서 드라이하고 단장하나요?,"
+샤워하고 화장실에서 드라이하고 단장하나요?그러면 머리 망가지고 옷에 묻고 그러지 않나요??+
",2006.11
2863728,tqqq 분할매수법 안한새끼 없제? 컄ㅋㅋㅋㅋ,"

",2006.11
2863727,갈라치기 커뮤니티 만들어볼까,"
 
",2006.11
2863726,리재명 똥군기 잡기에 불만폭팔,"
https://m.dcinside.com/board/dcbest/337981 예비군도 이제 군기순찰 받는다…軍 ""군 기강 확립 차원"" - 실시간 베스트 갤러리https://naver.me/FeNccrWs 예비군도 이제 군기순찰 받는다…軍m.dcinside.com
",2006.11
2863725,커뮤 개발중입니다,"
바이브코딩으로 개발중입니다일지는 스샷찍기 귀찮으니까 안쓰겠습니다방금시작함
",2006.11
2863723,헌법위반논란 리재명 법 앞에 모든이 평등해야,"
https://m.dcinside.com/board/dcbest/338016 대장동 재판도 연기... 미쳐 돌아가는 한국 상황...ㄷㄷJPG - 실시간 베스트 갤러리- 관련게시물 : 한동훈 페북) 대한민국 헌법 제68조- 관련게시물 : 한동훈 페북 '권력형 재판중지법', 보류 아니라 '철회'해야유죄 취지 파기환송된 선거법 위반 환송심 재판에 이어서대장동 재판도 무기한 연기 ㄷㄷㄷm.dcinside.com
",2006.11
2863722,"프롬프트를 좆같이 넣는게 아니라, 걍 전체 다 할 수 없는게 맞음","
애초에 구글 프롬프트 백서 보고 그 방식보고 넣는데 걍 자기가 개좆도 아닌거 해서 다 된다 생각하는듯ㅋ퓨샷이니 뭐니 다 지키면서 넣고있는데https://www.kaggle.com/whitepaper-prompt-engineering Prompt EngineeringPrompt Engineeringwww.kaggle.com
",2006.11
2863721,회사에서 컴퓨터 사용하시는분?,"
+회사에서 컴퓨터 사용하시는분?회사 인터넷 브라우저랑 집에 있는 인터넷 브라우저랑 같은걸로 동기화 해서쓰시나요별개로 따로 쓰시나요?+
",2006.11
2863720,이국주 호감인데 왜 괴롭히낭..,"
https://m.dcinside.com/board/dcbest/338033 이국주, 버스서 무차별 폭행 당해…""머리 기둥에 내려찍어"" - 실시간 베스트 갤러리https://naver.me/xkti3QJXm.dcinside.com
",2006.11
2863719,야 시발 클로드코드 쓰는 새기있냐?,"
큰맘 먹고 100달러 짜리 구독했는데OPUS 2시간쓰니 제한됨 에미 시발
",2006.11
2863717,파인튜닝 컴퓨터 여러대로 할 수있는법 없음?,"
모델 A가 있고 컴퓨터 3대가 있음 각 컴퓨터로 서로 다른 데이터를 넣어서 모델 A-1 A-2 A-3을 만들고 이 세개를 합쳐버리고 싶은데 
",2006.11
2863716,여기 개발한 앱 올려봐도 됨?,"
https://apps.apple.com/kr/app/%EC%8A%B5%EA%B4%80%EB%A9%94%EC%9D%B4%EC%BB%A4/id6746741533https://play.google.com/store/apps/details?id=com.habitmaker.app Habit Maker - Apps on Google PlaySmart app for creating and managing daily habits - habit tracking, statisticsplay.google.com내가 쓰려고 만든 todo 리스트앱임매일 반복되는 일의 경우 템플릿 만들어서 복붙하려고최대한 단순하게 만듦- dc official App
",2006.11
2863715,왜 아직도 화요일이냐 ㅋㅋ,"
이게 맞냐?  - dc official App
",2006.11
2863714,게임) 두 나르시시스트의 공명: 강렬한 이끌임과 파멸,"
외향적 나르시시스트와 내향적 나르시시스트는 최고의 조합이다. 서로가 서로를 인지하는 순간 필연적으로 강렬하게 이끌리게 된다  1. 서로를 이상화하는 과정 2. 평가 절하하는 과정 3. 파멸 이렇게 3단계를 거친다. 결국 깊은 트라우마를 남기게 된다. 서로가 서로에게 가해자이자 파해자인 것이다. 상호 고도의 심리 조정술을 본능적으로 사용하고 트라우마 본딩이라는 중독 회로가 구성된다. 서로 자신을 비추는 거울을 파괴해야만 살아남을 수 있다. 
",2006.11
2863712,핸드폰 수리 가이드 해주실 분...,"
저 상태서 방법 없나요?
",2006.11
2863711,지금 회사 다니면서 경력 쌓기 vs 도메인바꿔서 이직하기,"
나이 26 컴공 4년제 군필현직장 중견기업 3개월차계약초봉 4700, 주 5일 40시간 워라밸 최상문제는 직무가 임베디드 SW개발이다.학부때 임베디드 좋아해서 혼자 깊게 파긴 했었는데 중국한테 따이고 미래없다는 소리들어서 4학년부터 백엔드쪽으로 돌림.이 상황이면 현 직장에서 임베디드 경력쌓아서 대기업이직 vs 백엔드 공부 따로더하고 서비스쪽으로 이직뭐가 맞는거냐?
",2006.11
2863710,님들 저 인생의 고민이 있습니다,"
점심 추천 부탁드립니다
",2006.11
2863709,근데 AI 이거 쓸수록 그냥 존나 협소한부분만 가능하던데,"
일단 확실하게 AI 코딩이 되는거프론트백엔드이건 자료가 많아서 그런지 거의 됨근데 AI가 못하는거클라,게임,HDL매스매티카, 매틀랩등등대형 LLM들 뭔가 못함그니까 기초적인 CRUD는 잘함HDL은 짜보면 안돌아감.쉐이더도 잘못함걍 AI가 교체가능하니마니 존나 말이 많은데막상 앱, 웹은 되는데 클라이언트도 생각보다 잘못함AI가 다 교체가능하다고 말하는건 게시판 기반형 개발자, 그러니까 한국에 많은 쇼핑몰 같은거 만드는데새로운거에는 거의 안됨쓸수록 한계가 너무 명확해서 결국 내가 알아야할껀 알아야함
",2006.11
2863708,여러분 오늘은 점심 추천 부탁드립니다,"
예
",2006.11
2863707,생각해보니 황흐프갤이 망한건,"
황흐프코드 올리면 디씨가 인젝션이라고 판단하고 떨궈버려서 망한듯하다 이기
",2006.11
2863706,❤✨☀⭐나님 시작합니당⭐☀✨❤,"

",2006.11
2863705,아스카 7월 또 일본감,"
부랄친구랑 도쿄 가서메이드카페 메이드 같이 아이스께끼하기로 함
",2006.11
2863704,다시 쉐이더 공부해야하는데 쉐이더 안쓴지 되서 까먹음,"
씨발 먹고 살자고 하는 일들이 내 꿈의 스택을 망가뜨려
",2006.11
2863703,베릴로그<<아직 기계가 대체하지 못해서 과제 외주 꿀통,"
학생들 지피티 들고온거 씹창내면가져와서 손봐줌ㅋㅋ심지어 실제 프로덕션용은 아니라서 기초 FSM만 만들면됨진짜 개꿀ㅋㅋ
",2006.11
2863702,게임개발만 하면 단일 언어로 끝내는 경우가 많은데,"
웹은 안 그러니까 신기하긴함
",2006.11
2863701,어제한 것 파이썬에서 소켓열어서 자바랑 통신해서 데이터 실시간처리,"
파이썬에서 얼굴인식 프로그램한 후에 자바로 데이터 처리하는거 해보니 신기하더라학생들 과제 중에 재밌는거 많더라
",2006.11
2863700,오늘은 아두이노 외주좀 하고 내일은 안받아야겠다,"
내일은 프로그래밍 서적좀 읽어야겠어
",2006.11
2863699,죽을거같다 진짜,"
ㄹㅇ 힘들어
",2006.11
2863698,"애플 현 AI 모델, 추론이 아니다. LLM 장점일부 인정","


 
1,2 단계는 기계주고 인간은 3단계해
",2006.11
2863697,O3Pro 는 다른 경지에 올라섰음,"
https://gall.dcinside.com/mgallery/board/view/?id=thesingularity&no=744113 신은 컨텍스트에 굶주려 있다: o3 pro에 대한 첫 생각들  - 특이점이 온다 마이너 갤러리
  신은 컨텍스트에 굶주려 있다: o3 pro에 대한 첫 생각들



  OpenAI가 오늘 o3 가격을 80% 인하하고 o3-pro를 출시했다. Ben Hylak이 세계 최초의 초기 리뷰와 함께 돌아왔다.



 gall.dcinside.com모든 맥락을 전달하면 의미파악을 미친듯이 잘한다고해
",2006.11
2863696,생체컴퓨터들아 인공컴터가 뛰어넘을 날이 몇년안남았다,"
5년각
",2006.11
2863695,"AI 대부 일리야수츠케버 , ai 가 생물학적컴퓨터 뇌 모방가능","
뇌를 따라 못 할 이유가 없다는 발견.
",2006.11
2863694,이거 왜그러냐? 소니 SO-01K,"
어제 자고 일어나니 병원서 이상태더라...
",2006.11
2863693,'실시간 데이터 처리 기반 자바 웹서비스 개발' 과정 교육생  모집,"
해당 과정은 고용노동부 승인 디지털 과정입니다.📘'실시간 데이터 처리 기반 자바 웹 서비스 개발' 과정은?웹/금융IT 분야의 실무과정을 기반으로 프로젝트가 진행되어 백엔드 뿐만 아니라 웹 개발과 금융IT기술 및 실시간 데이터처리에 대한 기초 지식을 습득하고자하는 학생들에게도 적합한 과정입니다.📆 모집안내모집대상 : IT분야 전공자 / 비전공자 중 미취업자                  대학생·졸업예정자                   웹 개발·금융IT기술 및 실시간 데이터처리에 관심있는 취업준비생                  ※ 비전공자 가능!!신청기간 : 2025.07.01(화) 오후 11시 59분까지🏫 교육안내교육기간 : 2025.07.02(수) ~ 2025.12.22(월)교육방식 : 이론 + 실습 / 팀 프로젝트 + 기업연계 프로젝트교육장소 : 서울시 영등포구 양평동 IT교육센터교육내용 : 자세히보기❗교육혜택교육비 전액무료! (훈련비 + 교재비)훈련장려금 월 316,000원 지원!  ※출석 등 요건 충족시인턴 및 정규직 중 선택 연계 가능맞춤형 취업·창업 지원 서비스기업 실무 프로젝트 진행성적우수자 대상 시상 📞 문의처전화 : 070-****-3871이메일 : info@k-jobc.co.kr홈페이지 : 한국취업센터
",2006.11
2863692,유현아..보고싶다..,"
하.. 
",2006.11
2863691,엄마 갤엣지 25 사줬는데,"
잼민이 6개월권은 내가 가져도 되지? 
",2006.11
2863690,이 업계 ai로 언제 대체되냐,"
맨날 듣는 소린데 지겹다
",2006.11
2863689,이거 문제 답 아는 형님 계신가여.......??,"
BCD 3개잉가여?? 
",2006.11
2863688,폰이나 PC 영어로 하시는 분 계시나요?,"
+폰이나 PC 영어로 하시는 분 계시나요?영어 실력 향상에 유의미한 효과가 있는지, 거의 불편하기만 한지 궁금합니다.+
",2006.11
2863687,최원갓 언제 출소?,"
ㅇ?
",2006.11
2863686,이사 가야 될 것 같다.,"
XZ1 도 분해해야 하는데,
",2006.11
2863685,❤✨☀⭐나님 시작합니당⭐☀✨❤,"
https://youtu.be/MsgingjRdJs?si=J_jlU3fp4aDa5go-
",2006.11
2863684,돈많은 한남 없나,"
친구는 좀 얼빵한 모솔 한남하나 물어서 아이폰 하나 받았더라사귀지도 않는데 완전 대박!난 언제 이런 한남새끼 또 물어보냐?요새 한남들 너무 계산적이야 ㅠㅠ
",2006.11
2863682,후... 월급날까지 2주 남았다,"
저번주보다 280만원 늘렸다사실 오늘 주식 좀 손해 봄 100만원정도? ㅠㅠ월급날까지 좀만 더 힘내자!
",2006.11
2863681,지피티로 안돌아가는 과제 풀어줬다고 감사 인사받으니 기분좋군ㅋㅋ,"
아~ 쌌다 그냥ㅋㅋ씨발 이게 나야 ㅋ
",2006.11
2863678,부트캠프 아시는 분,"
대학 공부 ㅈ도 안해서 부트캠프 다니고 바로 취업하고 싶은데 부트캠프에 대해서 잘 몰라서 물어봅니다혹시 부트캠프를 졸업하면 괜찮은 곳 취업하는 사람도 많나요? 고졸에 가지고 있는 포트폴리오라곤 부트캠프 수료 밖에 없어도본인이 잘한다면 가능한가요? 만약 불가능하다면 대부분 어느 정도로 취직하는지 궁금합니다.그리고 부트캠프도 급이 있나요? 급이 있다면 어디가 좋고 어디가 나쁜지 궁금합니다.대학 공부 ㅈ도 안하는게 가서 열심히 하겠냐? 라고 말하지 마시고 조언 부탁드립니당...
",2006.11
2863676,3일째 롤백 못 시킨 거 보면 응24 백업 없겠네?,"
날수로 이제 3일째인데 아직도 저런 거는내 상식으론 백업 없다는 이야기 밖에 안됨백업도 교차감염 되지 않은 이상왜 아직도 복구가 안돼?내 이북, 내 포인트... ㅠㅠ
",2006.11
2863675,2600원에 마늘치즈 핫바 2개 와구와구 먹고왔음 ㅇㅅㅇ,"
과자 찌끄레기에 맥주 2캔깠더니 속이 아려서 급히 편의점가서 치즈핫바로 위장 데워줬음. 이제 잘거임  - dc official App
",2006.11
2863674,si에서 리액트 프로젝트는 진짜 지옥인듯,"
리액트 기반 대기업 프로젝트만 3번째인데 리액트 프로젝트는 갈때미다 망해있냐??내가 가는곳뿐만아니라 주변에 얘기들어보면 죄다 힘들어함si 노땅들이 프론트는 스크립트나 깔작일줄알지할줄아는게 없음 리액트 못만지고 결국 모든 비즈니스 로직을 서버나 프로시저로 때우고 있음 그러나 결국 화면은 그려야하는데 jsp나 vue처럼 퍼블 받은 마크업을 그대로 입힐수도 없고 구조잡고 컴포넌트로 다 만들어냐하는데컴포넌트 하나 제대로 못만들고 랜더링 이해못해서 시간만 질질끌다 쫒겨나는 경우가 태반si에서 리액트 프로젝트는 무조건 피해라 괜히 si에서 넥사크로 웹스퀘어같은 툴 쓰는게아니다.리액트 할줄안다고 들어오면 노땅들 화면 쳐주고 공통만진다고 업무량 3배는 늘어날거다
",2006.11
2863673,7만원짜리 3시간 클리어,"
지피티가 안되도 나는 나군ㅋ
",2006.11
2863672,perplexity는 확실히 문명 진화 맞는것 같음,"
80억인구의 인구 갈아서 만든건지는 아직 모르겠지만 나같은 원숭이들 몇단계 이상 진화시켜줌
",2006.11
2863671,피에타 ㅇㅅㅇ,"
ㅇㅅㅇ
",2006.11
2863670,김영한 15퍼 할인은 에바지?,"
마지막 로드맵 40만원은 좀 비싼데; 25퍼 자주함?
",2006.11
2863669,태연 ㅇㅅㅇ,"
ㅇㅅㅇ
",2006.11
2863668,하루 한 번 헤르미온느 찬양,"
1 이미지 순서 ON2 이미지 순서 ON3 이미지 순서 ON
",2006.11
2863667,갤럭시s23 지금도 좋나,"
아이폰 앨범 관리 도저히 못참겠다
",2006.11
2863666,지금이라도 순경 준비나 할까,"
지금 28살이고 컴공 졸업하고 아무곳이나 입사했더니 개발을 안해서 물경력만 쌓이고또 머리 쓰는 일을 뒤질때까지 해야한다고 생각하니 갑갑한데다른 직업 도전해볼까 심각하게 고민중
",2006.11
2863665,취준생 cicd 기술 고민이 있습니다.,"
배포 한번 해봤는데 코드 바뀔때마다 빌드 다시하고 다시 올리는게 너무 불편해서 cicd를 한번 해보려고 합니다.요즘 깃허브액션을 많이 쓰는거같기는 한데 이거로 하는게 나을까요?스프링부트와 AWS로 혼자 구현하는 웹 서비스-이동욱 책 빌려서 보는데여기에서는 nginx, CodeDeploy, travis CI 써서 하는거 같더라고요.nginx, jenkins, docker, github actions 등등 뭐가 너무 많은데 추천 부탁드립니다..
",2006.11
2863664,나는 힘들다,"
너무 힘들어
",2006.11
2863662,자바 왜 싫어함,"
다차원 리스트 걍 리스트 다룰때 개좆같긴한데
",2006.11
2863661,ai 로 너무나 간편해진 리팩토링,"
자잘한 함수하나두개는 말한마디로 해결됨문제발견 - 어캐 해결할지는 알긴알음구체적으로 기억이 안남 ->    구글링   -> 코드 보기   -> 수정 -> 완료 15분구체적으로 기억이 안남 -> ai 야 해조 -> 응 아니잖아 -> 수정 -> 완료 2분
",2006.11
2863660,자바 애미뒤진 언어,"

",2006.11
2863659,혹시 핫바 하나 머그러 가도 되겠읍니까?? 그네도 좀 타구요...,"
맥주 한잔 했습니다. 사실 한잔하려다 두잔이 됐습니다. 주먹만큼도 안되는 먹다남겨놨던 치토스에 맥주 1리터를 먹으니 배가 아리네요... 돈이 없어서 그랬습니다. 다음학기 등록금을 벌써 걱정해야 하거든요... 요즘 편의점에서 2천원 정도면 1+1핫바를 구매할 수 있는걸로 아는데 시험도 거의 끝났고, 정직하게 살았던 날들의 보상으로 오늘만큼은 사치좀 부려봐도 되겠습니까?? 다음주 부터는 다시 악바리로 살겠습니다. 이번주만... 딱 죽지않을만큼만 회복해보려고 합니다. 근 3개월 조금 넘는 시간동안 정신이 많이 망가진 듯 합니다...  - dc official App
",2006.10
2863658,메이플을 더이상 할 수 없는 이유는 뭘까?? 재미도 없음,"
하는 스스로가 병신같아서 참을 수도 없고 재미도 없고 근데 자꾸 생각나 근데 막상 키면 하기가 싫음 좆병신겜 이런 생각만 들고;; 어쩌징  - dc official App
",2006.10
2863657,인턴하면서 물경력 경력자들 코드보면 심각하다,"
뭐 api하나 호출하는데 몇백개의 쿼리가 나가지않나dto도 하나로쓰고 builder패턴으로 다 쑤셔넣는데진짜 심각함. 이래서 si출신들 안뽑는구나 싶음
",2006.10
2863655,이야 데비안 신선하다. 깃도 기본 설치가 안되어있네,"
의외로 한글 입력기는 처음부터 설치되어있음  - dc official App
",2006.10
2863654,재밌는 언어 추천좀 해줘,"
js매일 보니까 권태온다.러스트가 재밌다는데 러스트 배워볼까
",2006.10
2863653,결국 못참고 우분투 밀고 데비안 설치중,"
우분투가 혼자 뻑나가지고 로그아웃하라는 경고창까지 길래 못참고 밀어버렸다. 근데 설치하다보니 느끼는게 그냥 내 컴을 바꿀 때가 된거 같기도 하고. 스위치 껐다켜고 몇번 반복해야 usb 설치 화면 뜨던데  - dc official App
",2006.10
2863652,걍 밤새야긋다,"
돈벌기 쉽지 않다
",2006.10
2863651,주식 좆밥: 코나아이 삼,"
주식 고수: 꾸준히 s&p500 모음ㅇㅅㅇ
",2006.10
2863650,가난이 밉다... 먹다 남은 과자 찌끄레기밖에 먹을게 없구나...,"
시험 봤다... 등록금 낼 돈이 없어 장학금 받으려고 3개월 이악물고 공부했다... 남들은 시험 끝났으니 학과종강파티 간다는데 나는 참가비 2만원이 없어 포기했다... 서럽다. 남들은 치킨에 홍합탕 시켜놓고 소주먹을때 나는 먹다남은 치토스 쪼가리에 맥주한캔밖에 먹을게 없으니... 나는 가난이 밉다...  - dc official App
",2006.10
2863649,백준 403 왜 뜨는거에요?,"
로그인만 하면 403뜸
",2006.10
2863645,하루에 코드 대략 1만자 정도 짜는듯,"
쓰읍ㅋ
",2006.10
2863644,리재명 가오잡기에 스스로의 목을 치는건가 조롱일색,"
https://youtu.be/GbwpPZDjCHQ?si=kN7fH3YzeVi4rh0L
",2006.10
2863643,인지과학조져라,"

",2006.10
2863642,외주코딩 개창렬이네,"
공무원들 하루 앉아있다오면 7마넌버는데 
",2006.10
2863641,내가 느끼는게 요즘 인간의 역할은 고급 코드 캐싱 메모리역할임,"
지피티한테 토큰 존나 써서 최대한 제네릭한 코드 만들고 그런 고급 코드를 캐싱해서 템플릿화해서 꺼내쓰는거
",2006.10
2863639,애들 왜 갑자기 문의 존나 오나했더니 지피티 문닫혔나보네,"
오늘 베릴로그 외주 마치고 왔는데 하는 말이지피티가 안된다면서 징징대더라
",2006.10
2863638,"솔직히 이제 C, C++은 확실히 사양언어 아닌가?","
솔직히 이제 C, C++ 딱히 쓸 매리트가 없음나는 C 배우긴했는데진짜 굳이 쓸 필요가 없음요즘 GNU coreutils 비슷하게 coreutils제작하고 있는데 연습사마C왜쓰는지 진짜 이해가 안감그냥 nim쓰면 개편한데책임없는 쾌락 쌉 가능인데
",2006.10
2863637,이 조끄튼거 뭐노 ㅅㅂ 배터리 증발하던 이유 찾았다,"
뭔 가상메모리 1.5테라에 cpu 400% vscode앱 키기만해도 돌아가는거 저기서 꺼버리니까 멀쩡해지네
",2006.10
2863635,일단 잔다. 새벽 2시까지 푹자고 나서 내일 달린다.,"
이게 맞아
",2006.10
2863634,하루 단기 7만원 자바-파이썬 제한시간 내일 오전 12시까지,"
오늘 밤새야한다
",2006.10
2863633,내친구 피에로 봐라 매우 급하다,"
내친구 피에로 봐라 매우 매우 급하다
",2006.10
2863632,ㅆㅇㅆ 하루에 얼마나 치는거임,"
SI보다 구르네 
",2006.10
2863630,파이썬 자바 연동과제 7만에 왔다,"
휴 자바 잘 모르지만 씨샵 문법으로 되겠지
",2006.10
2863629,퇴사하고 이직준비하는데 ai위기 느낌,"
1년 다녔는데 회사 폐업해서 포폴좀 만들고 이직하려고개인프로젝트하는데 cursor 미쳤네내가 경험이있어서 프롬프트를 구체적으로 쓰는 것도 있겠지만이건 너무 잘짜준다..가끔멍청해도 일단 갈기고 고치는게 훨 빠르다..학부생때 구글링하고 스택오버플로우 뒤지던 낭만은 어디로 갔는가아니 개발자 미래 있긴한건가 
",2006.10
2863628,오늘 멀티스레드로 개판쳐놓은 프로젝트 유지보수 했는데,"
잘 모르겠으면 그냥 안썼으면 좋겠다는 생각이 좀 든다버그잡는데 시간은 별로 안걸렸는데, 짐작으로 해결한거라서 유쾌한 기분은 아님
",2006.10
2863627,저가외주 왜함,"
정규직 출퇴근 2번하면 12만원 넘게 벌잖아 
",2006.10
2863626,C++ 얼마나 해봤어?,"
Go 언어가 저리 많이 쓰일지 몰랐네.
",2006.10
2863625,나 왜 gpt 안되냐,"
많이 안쓴거같은데
",2006.10
2863624,서민 물가 좃또 모르는 리죄앙 황제생활 논란,"
https://youtu.be/a-N6k2Q4PB8?si=dPXeIb_MQjkuUoCT
",2006.10
2863623,자바 과제를 해야하나 말아야하나,"
흠
",2006.10
2863622,C++ 좋냐?,"
빠른거 말고얼마나 좋냐?
",2006.10
2863621,c나 c++ 성능 잘 나온다는게 사실..,"
사용자역량에 너무 크게 좌우됨시스템콜 힙 할당은 느려서항시 오브젝트풀 만들어 쓰거나 작은 규모는 함수스택에 버퍼 만들어서 활용해야 하고대규모 시스템 만드려면 범용 메모리풀 만들어야 하는데 생각보다 매우 고단한 작업임자신없으면 그냥 gc가 관리해주는 언어를 쓰는게 좋다어차피 잘못쓰면 자바나 씨샵보다 느림
",2006.10
2863620,의미있는 고통은 책임없는 쾌락을 대체할 수 있음.,"
3개월동안 이렇게 공부를 해본적이 없을정도로 공부를 했음 거의 항상 공부를 했거든. 친구를 만나거나, 술을 먹거나, 게임을 하지도 않고 그냥 방에 박혀서 책을 온전히 이해하려고 살았던것 같음. 그간 뭐 정신상태가 맛이 가는건 알고 있었는데  기말고사를 앞두고 긴장감이 좀 풀렸는지 거의 무너져 내리려 하더라고. 이유가 없이 상태 그 자체로 좆같음. 뭐가 좆같다 이런 주체가 없이 열이 받거나 좆같은거지. 난 내가 술을 먹고싶고, 게임을 하고싶은데도 참는건줄 알았어. 그래서 시험도 거의 마무리가 됐겠다, 인생에 재미있는게 하나도 없고 그냥 가만히만 있어도 화가나는 상태를 달래보고자 다시 술을 먹고, 게임을 시작해봤어. 근데 이게 재미가 없는거야.  술 먹고 다음날 피곤해 죽겠는것도 시간아깝고 게임하고 있는 모니터 검은부분에 내 얼굴이 비치면 참을 수 없이 역겨움 솔직히 좀 혼란스러웠음. 그럼 난 뭘 해야 하는거지. 이 기분과 억눌린 어떤것들을 어떻게 해소해야하지?? 3개월전에 공부를 시작할때 해둔 메모들, 읽었던 책들을 다시 돌아보면서 찬찬히 생각해봤는데 내 가치체계가 변한 것 같음. 더이상 게임이 재밌지 못한거야. 나한테 게임이 가치있게 느껴지지 않는거지. 술을 먹고 즐거운 쾌락보다 다음날 해야할 일을 못하는게 더 신경쓰이는거지. 아직 내가 부족해서 그걸 즐겁게만 즐길 수는 없나봐. 차라리 공부하고 운동할때가 마음편해. 그건 나한테 가치있는거니까. 그리 즐겁진 않지만, 해야할 일을 하는거지. 그런 의미에서 의미있는 고통은 책임없는 쾌락을 대체할 수 있음.  - dc official App
",2006.10
2863619,냥덩문화칼럼 개봉박두,"
시간나면 씀
",2006.10
2863617,203040 리죄앙에 등 돌리다,"
https://m.dcinside.com/board/dcbest/337776 어질어질 k유통 규제법에 씹창난 댓글 현황.jpg - 실시간 베스트 갤러리- 관련게시물 : “공휴일은 무조건 닫아라” 대형마트 강제 휴무일 못박는다씨발 여자 80%는 뭐노? ㅋㅋm.dcinside.com
",2006.10
2863614,프로그래밍은 재능이냐?,"
프로그래밍은 재능이냐?난 내가 재능충이 아니면 굳이 프로그래밍 할 필요가 없다고 생각하는데,
",2006.10
2863613,와 ㅋㅋ 죄명이 이새끼 문재앙 보다 못한 새끼였네,"
https://youtube.com/shorts/h8J8W-1U5SY?si=T8MuxenS0ZkK2YQm
",2006.10
2863612,뉴빈데 vs code그냥 최신버전 깔면되나여?,"
. 
",2006.10
2863611,형님들 ai 베릴로그 1짱이 누군가요,"
살려주세요 
",2006.10
2863610,프로그래밍이란 뭘까?,"
내가 누누히 말하지만 프로그래밍 언어는 언어이고, 그래서 프로그래머는 글을 쓰는 사람임.구조적이고 동작하는 글을 쓰는 사람인 것이지.그러면 흰백지 위에서 코딩을 시작해야함.시작을 어떻게 할까? 코어 부분부터 할수도 있고, 쉽다고 생각 하는 부분 부터 할수도 있겠지.물론 그 전에 내가 만드는 기능이 무엇인지. 어떤걸 만들고 싶은 것인지 부터 생각해야할거고.조각가는 물체의 크기를 보고 조각할 형상을 알고, 화가는 도화지를 바라보며 자신의 포현이 드러난다고 하지만프로그래머에게 화면은 그저 분할의 연속이야.조각가는 깍아가는 것을 통해 작품을 만들어가고, 화가는 여백을 채워가며 그림이 점차 형태를 드러나지만개발자에게 제품이란 그저 피어나는 것에 가깝다.프렉탈 구조를 안으로 파고들면 새로운 무늬가 나타나는 것 처럼.개발자에게 코딩은 완성되어갈수록, 초기의 문서에서 분해되고 쪼개져서, 여러개의 문서들(함수, 클래스, 패키지)로 나뉘게 된다.그래서 코딩의 기본기는 쪼개기임. 초기의 개념과 생각에서 여러개로 쪼개지고 분해되어, 해당 프로그램의 원자로 존재하게 되는 상태가 코딩의 끝이라고 볼수도 있지.그러면 어떻게 쪼게야 할까? 무엇이 쪼게지는 대상일까?실력있는 개발자 라는 것은 결국 이런 것들을 더욱 능숙하고 빠르게 하는 사람에 불과함.이것은 기본적으로 프로그래밍 이라는 것은 분할을 통해 피어나는 프렉탈 구조의 완성이기 때문임.그렇기에 설계자의 초기의 설계는 수도 없이 목표에서 빗나가게 되지.프렉탈 구조의 요동을 예측하는 것은 어려우니까.그래서 나온게 바로 바텀업 방식 개발인거야.tdd, xp, 리펙토링, oop 원칙.이런게 모두 프렉탈 요동을 최초에 정의하기가 어려웠기에프로그래밍에 있어서 설계의 기술이란 존재하지도 않고, 아무도 알려주지도 않고, 문서화 되지도 않지.항상 너무나 많은 것들이 바뀌고 있으니까.확실하게 알수있는 것은 요구사항이 온다면 소스는 변경이 된다는 것 뿐이야.그러니 존재하지 않는 설계에 너무 목매지는 말아라.어짜피 정형화된 것이 아니라면, 기존에 해봤던 것이 아니라면, 전체 프로그램의 구조는 아무도 몰라.그저 적당히 목표를 정하고 앞으로 나아가는 것일 뿐이지.그래서 프로그래밍에 있어서 설계란 머나먼 대해의 나침판이자 항해지도일뿐..그 끝이 엘도라도 일지. 신대륙을 향할지. 아니면 풍랑에 표류하다 쓰러질지. 아무도 몰라.그게 프로그래밍이야.
",2006.10
2863609,본인이 생각하는 겉멋 기술 스택의 예시를 적으시오,"
 
",2006.10
2863608,나님 넘나 낭만적이양⭐+,"

",2006.10
2863606,갓생 사는 아스카,"
매일 출퇴근 하면서방통대는 졸업해야 하고JLPT도 공부해야 하고개인 플젝도 하면서 깃헙 잔디도 심어야 하고기타학원도 가야 하고운동도 하고 책도 읽고다시 갓생 모드 on이다
",2006.10
2863605,대가리 깨진 1찍 배급견들,"
https://m.dcinside.com/board/dcbest/337789 대형마트 규제 커뮤니티 반응 - 실시간 베스트 갤러리- 관련게시물 : “공휴일은 무조건 닫아라” 대형마트 강제 휴무일 못박는다니들이 뽑았잖아 ㅋㅋㅋㅋ 난 모르겠다- 싱글벙글 대형마트 규제 더쿠 반응첫 번째 글 : 삭제두 번째 글 : 삭제세 번째 글 : 생존 댓글 반응.m.dcinside.com
",2006.10
2863604,예수24는 오늘 복구가능할것인가,"
난 퇴근! 
",2006.10
2863603,비전공자 반년 준비해서 우테코 가능?,"
백엔드ㅇㅇ?
",2006.10
2863602,“판교 사투리”라는 거 너무 어이 없음,"
강남 2호선 스타트업 사투리로 바꿔야 함
",2006.10
2863601,❤✨☀⭐나님 시작합니당⭐☀✨❤,"

",2006.10
2863600,윈도우 프로그래머 MCU로 어케가야할까,"
MCU 펌웨어 이런거 첫취업떄 하고싶어서 취업했더니 윈도우프로그래밍 c# c++ 시켜서 윈도우프로그래밍만 4년햇는데MCU로 갈아타고싶은데 MCU펌웨어 이쪽이 더안좋음? 그리고 경력쌓여서 경력으로신청말고 신입으로 지원해야되나?
",2006.10
2863599,평화로운 프갤 다시 하기로 함 ㅇㅅㅇ,"
딴갤은 폭력이 난무해서 평화로운 프갤 하기로 함 ㅇㅅㅇ
",2006.10
2863597,국비지원할라고 하는데,"
자바 파이선 소프트웨어 풀스택개발자 ㄱ각각 장단점ㅂ좀 ㅠㅠ
",2006.10
2863596,오늘의 외주,"
아두이노 설계 및 시스템 IoT 만들기좆같구나ㅓ
",2006.10
2863595,조선은 댓글 물타기가 심함 ㅇㅇ,"
ㄹㅇㅋㅋ
",2006.10
2863594,아두이노 외주받았다,"
12만원짜리로
",2006.10
2863593,국비 반도체 설계는 왜 자꾸 생기는 거임?,"
전자과 졸업생이 연간 수천 명은 되겠구만.
",2006.10
2863592,신입주제에 이거저거 다 할수 있다고 하지마라,"
시대가 원하는건 T자 인재가 아니라 I자 인재임 ㅇㅅㅇ T자 인재 구하려다 ㅡ자 인재를 너무 많이구해봤거든 I자 인재가 되어라. 그래야 취업한다 
",2006.10
2863591,심심하군,"
섹스 썰이나 풀까
",2006.10
2863589,ㅅㅂ sds는 사람 정리해고 안하나??,"
?? 존내 개판인데 ㅋㅋㅋ
",2006.10
2863588,나도 고닉이나 팔까,"
임티 재미난거 많아보이네
",2006.10
2863587,내가 좇센을 깨달은게 문재인때 재벌이며 좇센징 대부분,"
파티하면서 살음친구들마저도 개젗같이 살은 친구들 차바꾸고 술마시자고 하고개좇같은나라임을 인지한거는 그 이전 10년전부터 ㅇㅇ그래서 노력한 대가가 이거임좇센에서는 노력하는게 병신되는 나라임
",2006.10
2863586,여긴 응디시티,"
ㅇ
",2006.10
2863585,나도 코딩 잘하고싶어,"
나는 왜 장난감 수준만 만들까
",2006.10
2863584,수평안좋아,"
동아리처럼 책임 서로안질라고 하는게 수평임
",2006.10
2863582,마음이 병든 정신병자들은 피해야함,"

",2006.10
2863581,스타트업 수평적 분위기라고 누가 퍼뜨리는거임,"
내가 가본 스타트업 면접대부분이 대표나 이사 또는 직원이 지들이 제일 최고의 기술력이다 하는 망상에 빠져있음시발 면접보러갔는데 회사소개 존나 열심히함근데 면접보는데 존나 쿠사리먹임이럴거면 왜 부르는지 모를정도로 직무에 관련없는 헛소리밖에 안함그리고 스타트업 붙어서 일해도나랑 나이차이도 얼마 안나는애들이 직급은 3~4 종류로 달고부장님 놀이하고 텃새 갑질 오짐 ㅋㅋ 그래서 걍 분위기좆같다 말하고 나온데도있음대기업계열it는 쌩신입은 잘 안건들고 일좀할때 건드리는데스타트업은 그런 완충시간도 없고 걍 면접때부터 바로 갑질 시작수평적 분위기 -> 이거 써있는 회사 걸러라 ㅋㅋ돈많이주고 안정적 회사는 수직적이어도 가려고 달려든다괜히 개좆소 스타트업이 공고 몇년동안 열어놓는거 아님잘하는사람와도 걍 수습때 나가거든
",2006.10
2863580,"합리화긴 한데, 사람이 한번 바닥보는것도 나쁘진 않음","
내가 고등학교 2학년때부터 반항기가 시작돼서 대학도 안간다고 하고 놀았어. 그때 코로나라서 학교도 안나가니까, 통제할 사람도 없고 게임이나 하루종일 하면서 인생을 허비했음 게임 장사도 했는데 그거로 월에 거의 3~400씩 버니까 어린 마음에 세상이 다 내 아래같았음 난 사업해서 큰돈 벌거라고 부모님한테 큰소리 떵떵치고 살았지. 그러다가 막상 고3 수시시즌인데 다들 대학에 가더라 원래 계획은 노가다를 해서 돈을 모으고 그 돈으로 창업을 하는게 계획인데 막상 닥치니 알량한 마음에 노가다는 하기 싫었던거지;;  부모님께 공부에 미련남는다고 한번 불살라보겠다며 지잡대 컴공에 들어옴 근데 2년내내 놀던놈이 그 습관이 어디 가겠냐?? 1학년 내내 또 술퍼마시고 게임이나 하며 허비하다 군대를 다녀옴 전역하고, 내 인생을 돌아보는데 쉽게 번 돈은 쉽게 쓰인다고, 친구따라 바카라하다 모아뒀던 4천만원+군적금 날리고 내 인생에 남은건 학점 3.4로 조진 1학년 성적밖에 없더라. 막 화가 나는데, 좆같은 현실을 만든게 나인거야. 내가 너무 싫었어. 게임을 도저히 킬 수가 없더라. 메이플 맵 옮길때 까매지는 화면으로 내 얼굴이 보이는데 너무 역겨운거야. 그날부로 게임을 거의 접었음 그때 이후론 공부만 한 것 같음. 딱히 할 것도 없고, 공부말고 해서도 안되는 상황이였고 남은 대학 3년, 내 인생에 마지막 기회를 잡아보자 싶었고 다시는 그 누구보다도 못나고 싶지 않다. 그런 못난 스스로를 보기 싫다 이런 생각이였던거 같음 근데 하니까 인생 바뀌더라. 나이 23살, 분명 남들보단 늦었겠지만 생각보다는 안늦었던거 같음 나름의 기회가 있었어. 그래서 그 기회를 절대 놓치지 않으려고 다시는 경쟁에서 밀려나지 않으려고 하면서 살았음 지금도 뭐 남들보다 못나고, 부족한 인생이겠지만 적어도 스스로가 그렇게 혐오스럽진 않음. 사람이 바닥을 보는것도 나쁘진 않음. 때와 상황에 따라 다르겠지만 바닥을 쳐도 각자의 기회들이 있더라고. 그리고 뭘 하든 사람이 이겨야해. 남들보다 못나면 그것만큼 좆같은게 없어. 남들보다 잘하고 이기면 기분이 좋음ㅇㅅㅇ  - dc official App
",2006.10
2863579,모든 시기와때는 금수저 한정임 좇센에선 흙수저는 그냥 영원한 개돼지노예임,"
ㅇㅇㅇ
",2006.10
2863578,아스카 = 노무현,"
여긴 응디시티
",2006.10
2863576,"뭐든지 시와 때가 있고, 기회가 있을때 잘해야함 ㅇㅅㅇ","
나중에, 한번더 이런 생각을 하는것만으로도 현재에 집중하지 못하게 됨. 무조건 할때 잘해야 겠다는 생각을 해야해 무조건 속한 무리에서 손에 꼽혀야 함 ㅇㅅㅇ 나중은 없음. 할때 무조건 잘해야함.  - dc official App
",2006.10
2863575,강유현 = 멍유,"
강유현 사라지고 멍유 나타남 
",2006.10
2863574,1분에 데이터 3만개 처리하는데 ㅇㅅㅇ,"
이정도면 실시간 대용량 데이터 다뤘다고 할 수 있음? 이정돈 대용량 측에도 못끼나 ㅇㅅㅇ 삽입만 하는거 아니고 다 서비스  태움 ㅇㅅㅇ 
",2006.10
2863573,아두이노 의뢰 받아 말아,"
WOWKI 모델 있는거면 좋겠는데 흠
",2006.10
2863572,코딩 하는데 필요한 컴공지식,"
코딩 하는데 필요한 컴공 지식이 뭐가 있을까요?운영체제 컴파일러 이런걸 꼭 알아야 취업이나 어플 창업같은걸 할수 있나요?
",2006.10
2863571,백업은 어떻게 해야할까 ㅇㅅㅇ,"
레이드 잡아두면 랜섬걸리거나 잘못 지우면 다같이 죽는거잖아 ㅇㅅㅇ 서버 띄우고 master slave로 잡아도 마찬가지고 ㅇㅅㅇ 하드가 뒤진거면 대처가 가능하지만 main data 끌어가는 시점에서 main이 뒤지면 다같이 죽는거 아님ㅇㅅㅇ?? 하루마다 풀백업 해둔다 하면 결국 당일치는 아무리 잘헤도 날아갈수밖에 ㅇㅅㅇ 
",2006.10
2863570,TB데이터 1분안에 복구시키는법 없음?,"
db 300gb만 되도 복원하는데 30분은 걸리네 흠.. 5tb 1분컷 하고싶은데 
",2006.10
2863569,yes24 진짜좆됏나봐 아직 서비스를 못하네,"
랜섬웨어 걸려서 터졋단 소문있던데 암만 그래도 복구는 가능해야할탠데 백업솔루션 재대로 안갖춰놨나? 
",2006.10
2863568,Skt인데 sk usim이 아니랜다.,"
이런
",2006.10
2863567,다행히 새로 오는 상사 상식인이구만,"
한녀상사가 아닌 넉살 좋은 영포티 상사가 오기로 변경되었는데점심에 커피 한잔 마시다보니 아주 괜찮은 사람인듯 다행 ㅇㅅㅇ
",2006.10
2863566,맥아피 백신 프로그램 쓰는데 이거 안전함?,"
업비트 코인 거래소에서 매일 매매하는데 그냥 보안용으로 맥아피 1년치 긁음 근데 보니까 이거 내 휴대폰이랑 컴 전부를 얘가 제어하는거잖아? 쓰다보니 화면제어요청도 요구하던데 얘땜에 코인 털릴수도 있는거임? 맥아피 코인 치니까 ceo가 코인 사기 쳤다는 글도 보이는데 내가 컴에 문외한이라 질문글 올림 1년치 기기무제한 35000원 주고 삼 근데 나는 카페에 나가서 노트북 하기 때문에 신뢰할 수 있는 vpn하나는 꼭 필요하다 그래서 맥아피 결제했는데  - dc official App
",2006.10
2863564,저 글 보니까 옛생각나네,"
내무반 생활할때 동기가 좀 모자라보이길래상식 질문 같은걸로 꼽탱이 주고 그랬는데친한 서울대 후임이 그거보고 상식은 편견의 집합이라면서남이 잘 모른다고 무시 할 필요없다 그러길래그거 듣고 머리가 띵하면서 반성하게 되더라
",2006.10
2863563,할배들 계단내려가는거 왜케느리냐,"
　　　♥+　　　뉴프로+시공간이 휘어진줄 알았다 이기. 
",2006.10
2863562,코딩 사이트 잘 아는 사람만 클릭ㄱ,"
와이파이 없는 상태에서 만들어야할거 한국어로 입력하면 그대로 코딩해주는 사이트 있나요?
",2006.10
2863561,어떤 삶을 살든 일을하고 산다는 그 하나만으로 비웃을 그게 아님,"
나도 가끔 외주 로 받은 남의 코드 비웃지만 이건 내 잘못된 문제고그 사람의 치열한 결과물을 비웃는건 인격적으로 문제가 있는 인간임그건됐고 딸딸이 치고 오늘 외주 마무리 쳐야긋다
",2006.10
2863560,프갤이나 커뮤니티의 문제가 용어로 계급을 세우는 레토릭만 남음,"
CS가 정답이 있는 암기 과목이 아님트리,DFS,그래프 다 안다고 착각들하지만, 그걸 어디에 썼고, 내가 쓰는 라이브러리와 언어의 어디에 녹여냈는지 말하는 애들도 소수임그걸 어떻게 설계에 녹일까에 대한 고민조차도 없음그러면서 그걸 안다고 계급을 세움어차피 다 레이어가 다를뿐 똑같이 열심히살고, 레이어에따른 지식의 계층이 다를뿐. 살아남았으면 존중을 해줘야하는데그런 존중이 없음.
",2006.10
2863559,저희 ts쓰는데 타입스크립트 할줄 아시죵 ㅇㅅㅇㅋㅋ,"
 그러나 들어가서 본 코드는 any밖에 없었다 ㅇㅅㅇ
",2006.10
2863558,리액트 조나 불편한거같아여 ts도 ㅇㅅㅇ,"
자바스크립트의 장점은 존나게 자유롭다는건데 정형화된 틀에 맞춰져있던 틀니 딱딱이들이 힘들어서 자스에 필요도 없는 class 만들어줬더니 그걸로도 부족해서 ts만들구 ㅇㅅㅇ.. 물론 ts의 장점도 있지만 단점이 더 큰거같아여 자유를 빼았겼어.. 그리고 손이 더 가서 번거로웡 
",2006.10
2863557,자신이 서 있는 기술적 토대가 자기 스스로 쌓아올린게 아닌데,"
무슨 세상에 없는 구조를 만들어낸 것도 아닌데대체 무슨 자부심을 가지라는건지그걸로 무슨 선민의식을 가지는건지나는 가끔은 이해가 안되는 구조긴함물론 프레임워크위에서 코딩은 글로별 표준이고 생태계 파편화를 안되기 위해서 패스트 팔로우라고 할 수 있음하지만, 수많은 천재들이 쌓아올린, 치열한 논쟁과 실패의 경험을 모두 건너뛴채최종 결과물인 프레임워크, 라이브러리만 소비하는 절대다수가 대부분인데, 그것의 사용법을 안다면서 타인을 무시하는 그 자체가얼마나 부끄러운지코딩을 잘 알고 못하고가 부끄러운게 아니라내 힘으로 만들지 않은 기술을 사용하면서 그걸로 남을 비웃는게 부끄럽다는 사실을 절대 다수는 모름걍 프로그래밍 갤러리 애새끼들 보면 절대다수는 그런 애새끼들임. 심지어 비전공인 나보다 CS 모르는 애들이 CS타령하는거 보이는데 그런 애들이 또 선민의식이 있으니대체 왜 그러는지 모르겠음
",2006.10
2863556,나는 한국 개발자들이 개발 커뮤니티 선민의식 찍찍싸는거 나만 보기 싫냐,"
중국,러시아,프랑스,미국,일본전부 독자적 자체 오픈소스 생태계가 있는데 한국은 번역 커뮤니티 위주고코드도 산업 내수 맞춤이고, 글로벌 스케일 아키텍쳐는 거의 없음연구 산업도 KAIST 논문에 발표된 기술이 실제로 산업 연결 거의 없음근데 직업군 선민의식은 제일임무슨 직업을 계급이라 생각하는건지그래서 본질적으로 한국 개발 커뮤니티고, 한국에서 프로그래밍 배운다는 사실에 부끄러움을 느끼지 못하는일종의 원죄(SIN)를 느끼지 못한다는 사실을 보면 코미디긴함
",2006.10
2863555,강유현 욕하지마라 착한사람이다,"
일면식도 없던 프갤러일 뿐이었는데 치킨이랑 꿔바로우 얻어먹음그러고 번호교환도 안하는 쿨남임꿔바로우는 다른사람이 계산했던가...?
",2006.10
2863554,Js는 참 오묘하구나,"
렉시컬 환경함수도 객체클로저이 무슨? 
",2006.10
2863553,한국에서 개발자한다는 건 좀 부끄러운 일이긴하죠 ㅇㅇ,"
가장 먼저 인터넷 대중화 된 국가중 하나인데제대로된 프레임워크도 못만들어서 표준화된 것도 없는 기술 후진국인데거기서 개발자라고 말하는게 뭐가 있겠어요그리고 개발 커뮤니티에 선민의식 찍찍싸는 애들이 있는데요
",2006.10
2863552,동전교환 내가 해줌,"

",2006.10
2863550,솔직히 지금도 신입 취업 쉬운거같아용 ㅇㅅㅇㅋㅋ,"
어렵다 어렵다 하는건 허송세월 보내다 나이만 쳐먹고 생산직은 가기싫어서 놀다가 개발자.. 국비지원 있다던데 해볼깡? 하고 우습게보고 도전해보니까 어 시바.. 국비만 나오면 끝인줄 알았는데 아니네? 하고 자기인생 스스로 망쳐놓은데다 노력도 안하고 그냥 꿀만빨고싶은분들이 징징거리는거지 어느 직종이든 경쟁은 있고 개발자 경쟁은 문도 높이도 양호하다고 생각해용 ㅇㅅㅇ 
",2006.10
2863547,개발자 접으려고요 ㅇㅅㅇ,"
지금 6년차인데.. 이번에 이재명이 임금삭감없는 주 4일제 및 정년 65세까지 연장한다는데 사기업에서 임금삭감없는 주4일제가 말이안댐.. 법으로 토요일도 주휴일로 만들건가? ㅇㅅㅇ.. 그래서 결국 사기업은 급여 다 까일거같고 나이 40 50먹으면 쫓겨나서 연봉 낮추고라도 재취업 해야하는 판인데 그냥 당장 급여 좀 낮더라도 지금이라도 공무원 들어가서 임금삭감 없는 주4일제와 같이 65살까지 꿀빠는게 날거같아서 전산직 공무원 준비하려고용 ㅇㅅㅇ 
",2006.10
2863545,또 똥싸,"
나 어떡해 쯔양보다 똥많이 쌀듯 똥잘싸면 어디까지 취업가능한가요?  - dc official App
",2006.10
2863544,대기업은 코딩안한다 << 개소리아님?,"
오히려 코어는 대기업 개발자가 다하고 노가다성 짙은 겉저리들을 외주주지않나.. 
",2006.10
2863543,si 외주단가 미친거같음 ㅇㅅㅇ,"
5분짜리 50받고 4시간짜리 600받네 ㅇㅅㅇ 개쉬운데 머이래비쌈 
",2006.10
2863538,돈되는 제일 꿀통은 대학원생 과젠데 이 대학원생 안정적 수요가 힘듬,"
대학원생 애들 대부분 연구 과제 쓰는거 바빠서 코딩 시간이 없기때문에절대다수 코드 도표나 API 따는것도 힘들어하는데 시간이 부족한데대부분 대학원생 연구과제 석~박사 목표래봤자한국 특정 통계 API 받아서 완전 도표 그대로 특정 통계모델로 표만들고 해석하는건데 이건 거기서 거기라대학원생 과제가 기본 20만원 스타트라 사랑하는데대학워생 수급이 어려움
",2006.10
2863537,나도 가격 쎈 프로젝트 위주로 하고 싶다 장난감 말고.,"
대부분 장난감 위주라 노가다 병행했었는데좀 가격 쏀거 받고 싶다.
",2006.10
2863536,내가 제일 사랑하는 언어는 C#인데 C#은 돈이 안됨,"
외주 받은거 생각해보니파이어베이스로 떡을 치는 프로젝트가 90%나머지 백엔드는 절대다수는 REST에 자바,파이썬, 노드 자스프론트는 하고 싶어도 내가 예쁘게 꾸미질 못해서 FIGMA 그대로 만드는거 말곤 해본 적 없고파이썬은 거의 엑셀 자동 사무화 기초적인거 5만원 짜리로 한 30개쯤 한듯그다음에 영수증 OCR 찍어서 엑셀 한 거랑,API 받아서 엑셀에 정리하고 자동으로 파이썬으로 표 그리게 한거랑보면 외주 시장의 절대 강자는자스 or 파이썬프레임 워크는, Expree or Fast API고DB도 대부분 Fast API 로 끄탐MCP쪽은 자스로 서버 부터 붙이는건 안하고, 파이썬으로 빠르게 JSON 서브 리미셋 보내서 클로드 연결하는 거 한 5개쯤 하고C# 마우이 익혀서 웹하고 싶은데대부분 IoS 목표로하거나 해서 난 못함어렵다 어려워
",2006.10
2863535,ai야 국회의원 없애줘,"
응 좇까 ㅋ국회의원없으면 나 좇됨 ㅋㅋ 아 그래도 많이 해쳐먹었으니 서비스종료 함 해볼까 이기이기???아쉬운데 10년만 더 해먹고 서비스종료하자 이기이기
",2006.10
2863534,어셈블리어 << 이거 왜 재밌냐,"
나 존나 힙스터병 걸린듯
",2006.10
2863533,오전 업무 끝,"
1. 모듈 jar 새로 올리기2. 프로세스 재기동3. 모듈 7개 테스트4. 잠시 회의5. 회식 불참 메일 보내기6. 테이블 스키마 구조 물어본 전화 답변하기7. 모듈 7개 테스트 끝오전 할 일 끝
",2006.10
2863532,지피티로 러스트 코드 작성하면 그게 파이썬급 cpp야,"
파이썬의 난이도에 c의 성능 ㅇㅇ  - dc official App
",2006.10
2863531,반짝 벌때는 하루 40만까지도 가능한데,"
이게 일이 있다 없다 그런 텀이 너무 길다빨리 창업해야하는데이제 내 작업해야겠다 내일부턴
",2006.10
2863530,오늘은 65000원짜리 하나 남았다. 이번달은 현재까지 70만,"
근데 이제 일이 끊겼다씁
",2006.10
2863529,알트먼의 gpt 무료 써봤는데 헛소리 많이하던데,"
정상이냐 
",2006.10
2863528,알트먼 이새끼보다 perplexity 만든새끼가 더 대단한거아님??,"
ㄹㅇ
",2006.10
2863527,제목에 사람의 재귀나 강제재귀  들어가면 글삭되는거 ㄹㅇ,"
디씨 인재들 뉴스뜨고나서 개심해진거같음
",2006.10
2863526,웬만한 프로세스들은 핸들 접근 막아놨네,"
시스템 콜 패치해서 직접 얻는 수 밖에 없나개씨발 노가다 ㅇㅅㅇ
",2006.10
2863525,파이썬 맹키로의 난이도에 c++ 급의 속도를 가진,"
언어는 왜 나오지않는가
",2006.10
2863524,세번의 똥을 싸리라,"
아침에 점심에 퇴근전 수술받은 환자들이 방구 뀌면 간호사들이 축하해주던데 프붕이들아 나도 축하해줘  - dc official App
",2006.10
2863523,유현아..보고싶다,"
ㅠㅠ
",2006.10
2863522,씨플플 배우는 건 도메인에 따라 달라야함,"
왜냐하면 씨플플 언어만 배워서 쓸데가 없다언어마다 버전이 달라서우선적으로 씨플플 코어 가이드라인으로 공부하면서 자기가 하고자하는 도메인의 프레임워크 문서 읽고그다음에 프로그램 작성하는 루틴으로 가야함다른 언어라면 모르겠지만 씨플플은 도메인마다 주로 쓰이는 버전이 너무 다름C++은 언어라기보다는 일종의 플랫폼 생태계임C++은 환경에따라서 라이브러리리, 빌드 툴, 플랫폼, 표준 컴파일러로 다르기떄문에도메인별 표준을 익혀야함그래서 C++ 고수는 존재할 수가 없는거임C++ 'XX 도메인' 고수가 존재하는거지
",2006.10
2863520,면접 또 광탈인가,"
기술질문은 별로 읎고주로 공백기나 인성질문하다 끝남 ㅠ- dc official App
",2006.10
